SET SQL_MODE = "NO_AUTO_VALUE_ON_ZERO";
SET AUTOCOMMIT = 0;
START TRANSACTION;
SET time_zone = "+00:00";

--
-- Database: `sbrp`
--
CREATE DATABASE IF NOT EXISTS `sbrp` DEFAULT CHARACTER SET utf8 COLLATE utf8_general_ci;
USE `sbrp`;


DROP TABLE IF EXISTS `staff_skill`;
DROP TABLE IF EXISTS `role_skill`;
DROP TABLE IF EXISTS `job_application`;
DROP TABLE IF EXISTS `role_listing`;
DROP TABLE IF EXISTS `login_details`;
DROP TABLE IF EXISTS `role_listing`;
DROP TABLE IF EXISTS `role`;
DROP TABLE IF EXISTS `category`;
DROP TABLE IF EXISTS `staff`;   

DROP TABLE IF EXISTS `access_rights`;
CREATE TABLE IF NOT EXISTS `access_rights`(
    access_id integer NOT NULL,
    access_control_name varchar(20) NOT NULL,
    CONSTRAINT access_rights_pkey PRIMARY KEY (access_id)
)  ENGINE=InnoDB AUTO_INCREMENT=2 DEFAULT CHARSET=utf8;

INSERT INTO access_rights (access_id, access_control_name) VALUES
(1,'Admin'),
(2,'User'),
(3,'Manager'),
(4,'HR');


DROP TABLE IF EXISTS `staff`;
CREATE TABLE IF NOT EXISTS `staff` (
    staff_id integer NOT NULL,
    staff_fname varchar(50) NOT NULL,
    staff_lname varchar(50) NOT NULL,
    dept varchar(50) NOT NULL,
    country varchar(50) NOT NULL,
    email varchar(50) NOT NULL,
    role integer NOT NULL,
    CONSTRAINT staff_pkey PRIMARY KEY (staff_id),
    constraint staff_fk1 foreign key (role) references access_rights(access_id) ON DELETE CASCADE
)  ENGINE=InnoDB AUTO_INCREMENT=2 DEFAULT CHARSET=utf8;

INSERT INTO staff (staff_id, staff_fname, staff_lname, dept, country, email, role) VALUES
(130001,'John','Sim','Chairman','Singapore','jack.sim@allinone.com.sg',1)
,(130002,'Jack','Sim','CEO','Singapore','jack.sim@allinone.com.sg',1)
,(140001,'Derek','Tan','Sales','Singapore','Derek.Tan@allinone.com.sg',3)
,(140002,'Susan','Goh','Sales','Singapore','Susan.Goh@allinone.com.sg',2)
,(140003,'Janice','Chan','Sales','Singapore','Janice.Chan@allinone.com.sg',2)
,(140004,'Mary','Teo','Sales','Singapore','Mary.Teo@allinone.com.sg',2)
,(140008,'Jaclyn','Lee','Sales','Singapore','Jaclyn.Lee@allinone.com.sg',3)
,(140015,'Oliva','Lim','Sales','Singapore','Oliva.Lim@allinone.com.sg',2)
,(140025,'Emma','Heng','Sales','Singapore','Emma.Heng@allinone.com.sg',2)
,(140036,'Charlotte','Wong','Sales','Singapore','Charlotte.Wong@allinone.com.sg',2)
,(140078,'Amelia','Ong','Sales','Singapore','Amelia.Ong@allinone.com.sg',2)
,(140102,'Eva','Yong','Sales','Singapore','Eva.Yong@allinone.com.sg',2)
,(140103,'Sophia','Toh','Sales','Singapore','Sophia.Toh@allinone.com.sg',3)
,(140108,'Liam','The','Sales','Singapore','Liam.The@allinone.com.sg',2)
,(140115,'Noah','Ng','Sales','Singapore','Noah.Ng@allinone.com.sg',2)
,(140525,'Oliver','Tan','Sales','Singapore','Oliver.Tan@allinone.com.sg',2)
,(140736,'William','Fu','Sales','Singapore','William.Fu@allinone.com.sg',2)
,(140878,'James','Tong','Sales','Singapore','James.Tong@allinone.com.sg',2)
,(140879,'Siti','Abdullah','Sales','Singapore','Siti.Abdullah@allinone.com.sg',3)
,(140880,'Heng','Chan','Sales','Singapore','Heng.Chan@allinone.com.sg',2)
,(140881,'Rina','Tan','Sales','Singapore','Rina.Tan@allinone.com.sg',2)
,(140882,'Boun','Souk','Sales','Singapore','Boun.Souk@allinone.com.sg',2)
,(140883,'Aung','Kyaw','Sales','Singapore','Aung.Kyaw@allinone.com.sg',2)
,(140886,'Thuy','Nguyen','Sales','Singapore','Thuy.Nguyen@allinone.com.sg',2)
,(140887,'Rajesh','Kumar','Sales','Singapore','Rajesh.Kumar@allinone.com.sg',2)
,(140888,'Koh','Lim','Sales','Singapore','Koh.Lim@allinone.com.sg',2)
,(140889,'Somchai','Somboon','Sales','Singapore','Somchai.Somboon@allinone.com.sg',2)
,(140890,'Seng','Lee','Sales','Singapore','Seng.Lee@allinone.com.sg',2)
,(140891,'Anh','Tran','Sales','Singapore','Anh.Tran@allinone.com.sg',2)
,(140892,'Ratana','Chen','Sales','Singapore','Ratana.Chen@allinone.com.sg',2)
,(140893,'Bui','Nguyen','Sales','Singapore','Bui.Nguyen@allinone.com.sg',2)
,(140894,'Rahim','Khalid','Sales','Singapore','Rahim.Khalid@allinone.com.sg',3)
,(140895,'Dewi','Putri','Sales','Singapore','Dewi.Putri@allinone.com.sg',2)
,(140898,'Sokha','Seng','Sales','Singapore','Sokha.Seng@allinone.com.sg',2)
,(140900,'Tuan','Nguyen','Sales','Singapore','Tuan.Nguyen@allinone.com.sg',2)
,(140901,'Bao','Luu','Sales','Singapore','Bao.Luu@allinone.com.sg',2)
,(140903,'Amara','Singh','Sales','Malaysia','Amara.Singh@allinone.com.my',2)
,(140904,'Srey','Mao','Sales','Malaysia','Srey.Mao@allinone.com.my',2)
,(140905,'Phuc','Le','Sales','Malaysia','Phuc.Le@allinone.com.my',2)
,(140908,'Arifin','Saputra','Sales','Malaysia','Arifin.Saputra@allinone.com.my',2)
,(140909,'Siti','Salleh','Sales','Malaysia','Siti.Salleh@allinone.com.my',2)
,(140910,'Rina','Siriporn','Sales','Indonesia','Rina.Siriporn@allinone.com.id',2)
,(140911,'Minh','Ly','Sales','Indonesia','Minh.Ly@allinone.com.id',2)
,(140912,'Chandara','Kim','Sales','Indonesia','Chandara.Kim@allinone.com.id',2)
,(140917,'Heng','Phan','Sales','Indonesia','Heng.Phan@allinone.com.id',2)
,(140918,'Nara','Khun','Sales','Indonesia','Nara.Khun@allinone.com.id',2)
,(140919,'Priya','Malik','Sales','Indonesia','Priya.Malik@allinone.com.id',2)
,(140923,'Ngoc','Trinh','Sales','Vietnam','Ngoc.Trinh@allinone.com.vn',2)
,(140924,'Manoj','Kumar','Sales','Vietnam','Manoj.Kumar@allinone.com.vn',2)
,(140925,'Anh','Pham','Sales','Vietnam','Anh.Pham@allinone.com.vn',2)
,(140926,'Somsak','Somsri','Sales','Vietnam','Somsak.Somsri@allinone.com.vn',2)
,(140927,'Chin','Lim','Sales','Hong Kong','Chin.Lim@allinone.com.hk',2)
,(140928,'Sok','Chhay','Sales','Hong Kong','Sok.Chhay@allinone.com.hk',2)
,(140929,'Tat','Nguyen','Sales','Hong Kong','Tat.Nguyen@allinone.com.hk',2)
,(140933,'Hlaing','Sithu','Sales','Hong Kong','Hlaing.Sithu@allinone.com.hk',2)
,(140934,'Santhi','Perumal','Sales','Hong Kong','Santhi.Perumal@allinone.com.hk',2)
,(140935,'Hakim','Siregar','Sales','Hong Kong','Hakim.Siregar@allinone.com.hk',2)
,(140937,'Sirirat','Chaiyaporn','Sales','Hong Kong','Sirirat.Chaiyaporn@allinone.com.hk',2)
,(140938,'Chinh','Tran','Sales','Hong Kong','Chinh.Tran@allinone.com.hk',2)
,(140940,'Siti','Ahmad','Sales','Singapore','Siti.Ahmad@allinone.com.sg',2)
,(140941,'Chandra','Rai','Sales','Singapore','Chandra.Rai@allinone.com.sg',2)
,(140942,'Ratana','Keo','Sales','Singapore','Ratana.Keo@allinone.com.sg',2)
,(140944,'Yee','Lim','Sales','Singapore','Yee.Lim@allinone.com.sg',3)
,(140945,'Wai','Yong','Sales','Singapore','Wai.Yong@allinone.com.sg',2)
,(140947,'Thi','Pham','Sales','Singapore','Thi.Pham@allinone.com.sg',2)
,(140948,'Nara','Sok','Sales','Singapore','Nara.Sok@allinone.com.sg',2)
,(150008,'Eric','Loh','Solutioning','Singapore','Eric.Loh@allinone.com.sg',3)
,(150065,'Noah','Goh','Engineering','Singapore','Noah.Goh@allinone.com.sg',2)
,(150075,'Liam','Tan','Engineering','Singapore','Liam.Tan@allinone.com.sg',2)
,(150076,'Oliver','Chan','Engineering','Singapore','Oliver.Chan@allinone.com.sg',2)
,(150085,'Michael','Ng','Engineering','Singapore','Michael.Ng@allinone.com.sg',2)
,(150095,'Alexander','The','Engineering','Singapore','Alexander.The@allinone.com.sg',2)
,(150096,'Ethan','Tan','Engineering','Singapore','Ethan.Tan@allinone.com.sg',2)
,(150115,'Jaclyn','Lee','Engineering','Singapore','Jaclyn.Lee@allinone.com.sg',2)
,(150118,'William','Teo','Engineering','Singapore','William.Teo@allinone.com.sg',2)
,(150125,'Mary','Teo','Engineering','Singapore','Mary.Teo@allinone.com.sg',2)
,(150126,'Oliva','Lim','Engineering','Singapore','Oliva.Lim@allinone.com.sg',2)
,(150138,'Daniel','Fu','Engineering','Singapore','Daniel.Fu@allinone.com.sg',2)
,(150142,'James','Lee','Engineering','Singapore','James.Lee@allinone.com.sg',2)
,(150143,'John','Lim','Engineering','Singapore','John.Lim@allinone.com.sg',3)
,(150148,'Jack','Heng','Engineering','Singapore','Jack.Heng@allinone.com.sg',2)
,(150155,'Derek','Wong','Engineering','Singapore','Derek.Wong@allinone.com.sg',2)
,(150162,'Jacob','Tong','Engineering','Singapore','Jacob.Tong@allinone.com.sg',2)
,(150163,'Logan','Loh','Engineering','Singapore','Logan.Loh@allinone.com.sg',2)
,(150165,'Oliver','Tan','Engineering','Singapore','Oliver.Tan@allinone.com.sg',2)
,(150166,'William','Fu','Engineering','Singapore','William.Fu@allinone.com.sg',2)
,(150168,'Jackson','Tan','Engineering','Singapore','Jackson.Tan@allinone.com.sg',2)
,(150175,'Aiden','Tan','Engineering','Singapore','Aiden.Tan@allinone.com.sg',2)
,(150192,'Emma','Heng','Engineering','Singapore','Emma.Heng@allinone.com.sg',2)
,(150193,'Charlotte','Wong','Engineering','Singapore','Charlotte.Wong@allinone.com.sg',2)
,(150198,'Amelia','Ong','Engineering','Singapore','Amelia.Ong@allinone.com.sg',2)
,(150205,'Eva','Yong','Engineering','Singapore','Eva.Yong@allinone.com.sg',2)
,(150208,'James','Tong','Engineering','Singapore','James.Tong@allinone.com.sg',2)
,(150215,'Michael','Lee','Engineering','Singapore','Michael.Lee@allinone.com.sg',2)
,(150216,'Ethan','Lim','Engineering','Singapore','Ethan.Lim@allinone.com.sg',2)
,(150232,'John','Loh','Engineering','Singapore','John.Loh@allinone.com.sg',2)
,(150233,'Jack','Tan','Engineering','Singapore','Jack.Tan@allinone.com.sg',2)
,(150238,'Derek','Tan','Engineering','Singapore','Derek.Tan@allinone.com.sg',2)
,(150245,'Benjamin','Tan','Engineering','Singapore','Benjamin.Tan@allinone.com.sg',3)
,(150258,'Daniel','Heng','Engineering','Singapore','Daniel.Heng@allinone.com.sg',2)
,(150265,'Jaclyn','Tong','Engineering','Singapore','Jaclyn.Tong@allinone.com.sg',2)
,(150275,'Mary','Fu','Engineering','Singapore','Mary.Fu@allinone.com.sg',2)
,(150276,'Oliva','Loh','Engineering','Singapore','Oliva.Loh@allinone.com.sg',2)
,(150282,'Jacob','Wong','Engineering','Singapore','Jacob.Wong@allinone.com.sg',2)
,(150283,'Logan','Ong','Engineering','Singapore','Logan.Ong@allinone.com.sg',2)
,(150288,'Jackson','Yong','Engineering','Singapore','Jackson.Yong@allinone.com.sg',2)
,(150295,'Aiden','Toh','Engineering','Singapore','Aiden.Toh@allinone.com.sg',2)
,(150318,'Emma','Tan','Engineering','Singapore','Emma.Tan@allinone.com.sg',2)
,(150342,'Charlotte','Tan','Engineering','Singapore','Charlotte.Tan@allinone.com.sg',2)
,(150343,'Amelia','Tan','Engineering','Singapore','Amelia.Tan@allinone.com.sg',2)
,(150345,'William','Heng','Engineering','Singapore','William.Heng@allinone.com.sg',3)
,(150348,'Eva','Goh','Engineering','Singapore','Eva.Goh@allinone.com.sg',2)
,(150355,'Sophia','Chan','Engineering','Singapore','Sophia.Chan@allinone.com.sg',2)
,(150356,'James','Wong','Engineering','Singapore','James.Wong@allinone.com.sg',2)
,(150398,'John','Ong','Engineering','Singapore','John.Ong@allinone.com.sg',2)
,(150422,'Jack','Yong','Engineering','Singapore','Jack.Yong@allinone.com.sg',2)
,(150423,'Derek','Toh','Engineering','Singapore','Derek.Toh@allinone.com.sg',2)
,(150428,'Benjamin','The','Engineering','Singapore','Benjamin.The@allinone.com.sg',2)
,(150435,'Lucas','Ng','Engineering','Singapore','Lucas.Ng@allinone.com.sg',2)
,(150445,'Ethan','Loh','Engineering','Singapore','Ethan.Loh@allinone.com.sg',2)
,(150446,'Daniel','Tan','Engineering','Singapore','Daniel.Tan@allinone.com.sg',2)
,(150488,'Jacob','Tan','Engineering','Singapore','Jacob.Tan@allinone.com.sg',2)
,(150512,'Logan','Tan','Engineering','Singapore','Logan.Tan@allinone.com.sg',2)
,(150513,'Jackson','Goh','Engineering','Singapore','Jackson.Goh@allinone.com.sg',2)
,(150518,'Aiden','Chan','Engineering','Singapore','Aiden.Chan@allinone.com.sg',2)
,(150525,'Samuel','Teo','Engineering','Singapore','Samuel.Teo@allinone.com.sg',2)
,(150555,'Jaclyn','Wong','Engineering','Singapore','Jaclyn.Wong@allinone.com.sg',3)
,(150565,'Benjamin','Ong','Engineering','Singapore','Benjamin.Ong@allinone.com.sg',2)
,(150566,'Oliva','Ong','Engineering','Singapore','Oliva.Ong@allinone.com.sg',2)
,(150585,'Samuel','Tan','Engineering','Singapore','Samuel.Tan@allinone.com.sg',2)
,(150608,'Emma','Yong','Engineering','Singapore','Emma.Yong@allinone.com.sg',2)
,(150615,'Sophia','Toh','Engineering','Singapore','Sophia.Toh@allinone.com.sg',2)
,(150632,'Charlotte','Toh','Engineering','Singapore','Charlotte.Toh@allinone.com.sg',2)
,(150633,'Amelia','The','Engineering','Singapore','Amelia.The@allinone.com.sg',2)
,(150638,'Eva','Ng','Engineering','Singapore','Eva.Ng@allinone.com.sg',2)
,(150645,'Sophia','Tan','Engineering','Singapore','Sophia.Tan@allinone.com.sg',2)
,(150655,'Lucas','Goh','Engineering','Singapore','Lucas.Goh@allinone.com.sg',2)
,(150695,'William','Tan','Engineering','Singapore','William.Tan@allinone.com.sg',2)
,(150705,'Samuel','The','Engineering','Singapore','Samuel.The@allinone.com.sg',2)
,(150765,'Liam','Teo','Engineering','Singapore','Liam.Teo@allinone.com.sg',2)
,(150776,'Lucas','Yong','Engineering','Singapore','Lucas.Yong@allinone.com.sg',2)
,(150796,'Susan','Goh','Engineering','Singapore','Susan.Goh@allinone.com.sg',2)
,(150826,'Liam','The','Engineering','Singapore','Liam.The@allinone.com.sg',2)
,(150845,'Henry','Tan','Engineering','Singapore','Henry.Tan@allinone.com.sg',2)
,(150866,'Henry','Chan','Engineering','Singapore','Henry.Chan@allinone.com.sg',3)
,(150916,'Susan','Ng','Engineering','Singapore','Susan.Ng@allinone.com.sg',2)
,(150918,'Henry','Toh','Engineering','Singapore','Henry.Toh@allinone.com.sg',2)
,(150935,'Susan','Lee','Engineering','Singapore','Susan.Lee@allinone.com.sg',2)
,(150938,'Janice','Chan','Engineering','Singapore','Janice.Chan@allinone.com.sg',2)
,(150968,'Noah','Ng','Engineering','Singapore','Noah.Ng@allinone.com.sg',2)
,(150976,'Noah','Lee','Engineering','Singapore','Noah.Lee@allinone.com.sg',2)
,(151008,'Alexander','Teo','Engineering','Singapore','Alexander.Teo@allinone.com.sg',2)
,(151055,'Liam','Fu','Engineering','Singapore','Liam.Fu@allinone.com.sg',2)
,(151056,'Alexander','Fu','Engineering','Singapore','Alexander.Fu@allinone.com.sg',2)
,(151058,'Janice','Tan','Engineering','Singapore','Janice.Tan@allinone.com.sg',2)
,(151118,'Oliver','Lim','Engineering','Singapore','Oliver.Lim@allinone.com.sg',2)
,(151146,'Janice','Lim','Engineering','Singapore','Janice.Lim@allinone.com.sg',2)
,(151198,'Michael','Tong','Engineering','Singapore','Michael.Tong@allinone.com.sg',2)
,(151266,'Noah','Tong','Engineering','Singapore','Noah.Tong@allinone.com.sg',2)
,(151288,'Mary','Heng','Engineering','Singapore','Mary.Heng@allinone.com.sg',2)
,(151407,'Oliver','Loh','Engineering','Singapore','Oliver.Loh@allinone.com.sg',2)
,(151408,'Philip','Lee','Engineering','Singapore','Philip.Lee@allinone.com.sg',3)
,(151410,'Phuong','Dinh','Engineering','Singapore','Phuong.Dinh@allinone.com.sg',3)
,(151411,'Bao','Nguyen','Engineering','Singapore','Bao.Nguyen@allinone.com.sg',2)
,(151412,'Wati','Halim','Engineering','Singapore','Wati.Halim@allinone.com.sg',2)
,(151413,'Seng','Soeun','Engineering','Singapore','Seng.Soeun@allinone.com.sg',2)
,(151414,'Yun','Lee','Engineering','Indonesia','Yun.Lee@allinone.com.id',2)
,(151415,'Aung','Tun','Engineering','Singapore','Aung.Tun@allinone.com.sg',2)
,(151416,'Vannak','Chen','Engineering','Malaysia','Vannak.Chen@allinone.com.my',2)
,(151417,'Pich','Sun','Engineering','Singapore','Pich.Sun@allinone.com.sg',2)
,(151418,'Chandara','Khun','Engineering','Vietnam','Chandara.Khun@allinone.com.vn',2)
,(151419,'Heng','Heng','Engineering','Singapore','Heng.Heng@allinone.com.sg',2)
,(151420,'Siti','Ismail','Engineering','Singapore','Siti.Ismail@allinone.com.sg',2)
,(151425,'Thuy','Phan','Engineering','Hong Kong','Thuy.Phan@allinone.com.hk',2)
,(151426,'Trung','Trinh','Engineering','Singapore','Trung.Trinh@allinone.com.sg',2)
,(151427,'Rahul','Sharma','Engineering','Singapore','Rahul.Sharma@allinone.com.sg',2)
,(151428,'Champa','Thao','Engineering','Singapore','Champa.Thao@allinone.com.sg',2)
,(151430,'Rithy','Chheng','Engineering','Singapore','Rithy.Chheng@allinone.com.sg',2)
,(151431,'Mani','Raj','Engineering','Singapore','Mani.Raj@allinone.com.sg',2)
,(151432,'Sokunthea','Phan','Engineering','Singapore','Sokunthea.Phan@allinone.com.sg',2)
,(151433,'Mani','Devi','Engineering','Indonesia','Mani.Devi@allinone.com.id',2)
,(151435,'Somnang','Suon','Engineering','Singapore','Somnang.Suon@allinone.com.sg',2)
,(151436,'Samsul','Rahman','Engineering','Malaysia','Samsul.Rahman@allinone.com.my',2)
,(151438,'Rath','Phan','Engineering','Singapore','Rath.Phan@allinone.com.sg',2)
,(151439,'Ji','Han','Engineering','Vietnam','Ji.Han@allinone.com.vn',3)
,(151440,'Sok','Pich','Engineering','Singapore','Sok.Pich@allinone.com.sg',2)
,(151441,'Minh','Hoang','Engineering','Singapore','Minh.Hoang@allinone.com.sg',3)
,(151443,'Anil','Kumar','Engineering','Hong Kong','Anil.Kumar@allinone.com.hk',3)
,(151444,'Chinh','Le','Engineering','Singapore','Chinh.Le@allinone.com.sg',2)
,(151446,'Seng','Seng','Engineering','Singapore','Seng.Seng@allinone.com.sg',2)
,(151447,'Nanda','Kesavan','Engineering','Singapore','Nanda.Kesavan@allinone.com.sg',2)
,(151448,'Amirah','Ahmad','Engineering','Singapore','Amirah.Ahmad@allinone.com.sg',2)
,(151450,'Sokly','Sok','Engineering','Singapore','Sokly.Sok@allinone.com.sg',2)
,(151451,'Trung','Pham','Engineering','Singapore','Trung.Pham@allinone.com.sg',2)
,(151452,'Rithya','Suon','Engineering','Indonesia','Rithya.Suon@allinone.com.id',3)
,(151456,'Phuc','Vo','Engineering','Singapore','Phuc.Vo@allinone.com.sg',2)
,(151457,'Chandra','Pandey','Engineering','Malaysia','Chandra.Pandey@allinone.com.my',3)
,(151458,'Manoj','Singh','Engineering','Singapore','Manoj.Singh@allinone.com.sg',2)
,(151459,'Phalla','Yong','Engineering','Vietnam','Phalla.Yong@allinone.com.vn',2)
,(151464,'Chhaya','Sou','Engineering','Singapore','Chhaya.Sou@allinone.com.sg',2)
,(151465,'Soma','Lim','Engineering','Singapore','Soma.Lim@allinone.com.sg',2)
,(151466,'Siv','Sun','Engineering','Hong Kong','Siv.Sun@allinone.com.hk',2)
,(151467,'Vannak','Mao','Engineering','Singapore','Vannak.Mao@allinone.com.sg',2)
,(151468,'Kumara','Seng','Engineering','Singapore','Kumara.Seng@allinone.com.sg',2)
,(151469,'Sok','Heng','Engineering','Singapore','Sok.Heng@allinone.com.sg',2)
,(151470,'Siti','Saad','Engineering','Singapore','Siti.Saad@allinone.com.sg',2)
,(151471,'Chanh','Ly','Engineering','Singapore','Chanh.Ly@allinone.com.sg',3)
,(151472,'Anh','Truong','Engineering','Singapore','Anh.Truong@allinone.com.sg',2)
,(151476,'Hakim','Rahman','Engineering','Indonesia','Hakim.Rahman@allinone.com.id',2)
,(151477,'Priya','Kaur','Engineering','Singapore','Priya.Kaur@allinone.com.sg',2)
,(151479,'Narong','Chen','Engineering','Malaysia','Narong.Chen@allinone.com.my',2)
,(151480,'Rin','Sok','Engineering','Singapore','Rin.Sok@allinone.com.sg',2)
,(151481,'Phuc','Lam','Engineering','Vietnam','Phuc.Lam@allinone.com.vn',2)
,(151482,'Sok','Chin','Engineering','Singapore','Sok.Chin@allinone.com.sg',2)
,(151483,'Chandara','Kong','Engineering','Singapore','Chandara.Kong@allinone.com.sg',2)
,(151484,'Phanith','Sok','Engineering','Hong Kong','Phanith.Sok@allinone.com.hk',2)
,(151485,'Heng','Sim','Engineering','Singapore','Heng.Sim@allinone.com.sg',2)
,(151487,'Nanda','Devan','Engineering','Singapore','Nanda.Devan@allinone.com.sg',2)
,(151488,'Pich','Phan','Engineering','Singapore','Pich.Phan@allinone.com.sg',2)
,(151489,'Anil','Sarawat','Engineering','Singapore','Anil.Sarawat@allinone.com.sg',2)
,(151491,'Nguyen','Tuan','Engineering','Singapore','Nguyen.Tuan@allinone.com.sg',2)
,(151492,'Bao','Kim','Engineering','Singapore','Bao.Kim@allinone.com.sg',2)
,(151493,'Boun','Sok','Engineering','Indonesia','Boun.Sok@allinone.com.id',2)
,(151494,'Soma','Khun','Engineering','Singapore','Soma.Khun@allinone.com.sg',2)
,(151495,'Samsul','Saifullah','Engineering','Malaysia','Samsul.Saifullah@allinone.com.my',2)
,(151496,'Rina','Li','Engineering','Singapore','Rina.Li@allinone.com.sg',2)
,(151498,'Mani','Prasad','Engineering','Vietnam','Mani.Prasad@allinone.com.vn',2)
,(151499,'Koh','Seng','Engineering','Singapore','Koh.Seng@allinone.com.sg',2)
,(151500,'Arifin','Siregar','Engineering','Singapore','Arifin.Siregar@allinone.com.sg',2)
,(151502,'Kumari','Devi','Engineering','Hong Kong','Kumari.Devi@allinone.com.hk',2)
,(151503,'Narong','Khun','Engineering','Singapore','Narong.Khun@allinone.com.sg',2)
,(151505,'Thi','Lam','Engineering','Singapore','Thi.Lam@allinone.com.sg',2)
,(151506,'Vannak','Sok','Engineering','Singapore','Vannak.Sok@allinone.com.sg',2)
,(151507,'Phuong','Nguyen','Engineering','Singapore','Phuong.Nguyen@allinone.com.sg',2)
,(151508,'Srey','Makara','Engineering','Singapore','Srey.Makara@allinone.com.sg',2)
,(151509,'Hlaing','Kyaw','Engineering','Singapore','Hlaing.Kyaw@allinone.com.sg',2)
,(151510,'Anh','Ly','Engineering','Indonesia','Anh.Ly@allinone.com.id',2)
,(151512,'Chin','Heng','Engineering','Singapore','Chin.Heng@allinone.com.sg',2)
,(151513,'Nara','Yong','Engineering','Malaysia','Nara.Yong@allinone.com.my',2)
,(151514,'Somchai','Phan','Engineering','Singapore','Somchai.Phan@allinone.com.sg',2)
,(151515,'Rath','Sim','Engineering','Vietnam','Rath.Sim@allinone.com.vn',2)
,(151517,'Chinh','Tran','Engineering','Singapore','Chinh.Tran@allinone.com.sg',2)
,(151518,'Yee','Liu','Engineering','Singapore','Yee.Liu@allinone.com.sg',2)
,(151519,'Heng','Chhour','Engineering','Hong Kong','Heng.Chhour@allinone.com.hk',2)
,(151520,'Sokunthea','Soy','Engineering','Singapore','Sokunthea.Soy@allinone.com.sg',2)
,(151521,'Champa','Thach','Engineering','Singapore','Champa.Thach@allinone.com.sg',2)
,(151523,'Rahim','Ramli','Engineering','Singapore','Rahim.Ramli@allinone.com.sg',2)
,(151524,'Hakim','Hassan','Engineering','Singapore','Hakim.Hassan@allinone.com.sg',2)
,(151525,'Trung','Le','Engineering','Singapore','Trung.Le@allinone.com.sg',2)
,(151526,'Seng','Chhour','Engineering','Singapore','Seng.Chhour@allinone.com.sg',2)
,(151527,'Narong','Mao','Engineering','Indonesia','Narong.Mao@allinone.com.id',2)
,(151528,'Phuc','Phung','Engineering','Singapore','Phuc.Phung@allinone.com.sg',2)
,(151531,'Chandara','Sin','Engineering','Malaysia','Chandara.Sin@allinone.com.my',2)
,(151533,'Soma','San','Engineering','Singapore','Soma.San@allinone.com.sg',2)
,(151534,'Siv','Savuth','Engineering','Vietnam','Siv.Savuth@allinone.com.vn',2)
,(151535,'Vannak','Soun','Engineering','Singapore','Vannak.Soun@allinone.com.sg',2)
,(151536,'Kumara','Suon','Engineering','Singapore','Kumara.Suon@allinone.com.sg',2)
,(151537,'Sok','Mao','Engineering','Hong Kong','Sok.Mao@allinone.com.hk',2)
,(151539,'Siti','Yusof','Engineering','Singapore','Siti.Yusof@allinone.com.sg',2)
,(151540,'Chanh','Sin','Engineering','Singapore','Chanh.Sin@allinone.com.sg',2)
,(151541,'Anh','Tran','Engineering','Singapore','Anh.Tran@allinone.com.sg',2)
,(151543,'Priya','Krishnan','Engineering','Singapore','Priya.Krishnan@allinone.com.sg',2)
,(151544,'Nanda','Lal','Engineering','Singapore','Nanda.Lal@allinone.com.sg',2)
,(151545,'Rithy','Khun','Engineering','Singapore','Rithy.Khun@allinone.com.sg',2)
,(151546,'Mani','Choudhury','Engineering','Indonesia','Mani.Choudhury@allinone.com.id',2)
,(151547,'Koh','Loo','Engineering','Singapore','Koh.Loo@allinone.com.sg',2)
,(151548,'Arifin','Bakar','Engineering','Malaysia','Arifin.Bakar@allinone.com.my',2)
,(151549,'Kumari','Pillai','Engineering','Singapore','Kumari.Pillai@allinone.com.sg',2)
,(151550,'Narong','Chua','Engineering','Vietnam','Narong.Chua@allinone.com.vn',2)
,(151556,'Thi','Ling','Engineering','Singapore','Thi.Ling@allinone.com.sg',2)
,(151558,'Vannak','Seng','Engineering','Singapore','Vannak.Seng@allinone.com.sg',2)
,(151559,'Nara','Loo','Engineering','Hong Kong','Nara.Loo@allinone.com.hk',2)
,(151560,'Somchai','Kong','Engineering','Singapore','Somchai.Kong@allinone.com.sg',2)
,(151561,'Rath','Khun','Engineering','Singapore','Rath.Khun@allinone.com.sg',2)
,(151562,'Chinh','Nguyen','Engineering','Singapore','Chinh.Nguyen@allinone.com.sg',2)
,(151563,'Yee','Chong','Engineering','Singapore','Yee.Chong@allinone.com.sg',2)
,(151564,'Heng','Phal','Engineering','Singapore','Heng.Phal@allinone.com.sg',2)
,(151567,'Sokunthea','Seng','Engineering','Singapore','Sokunthea.Seng@allinone.com.sg',2)
,(151568,'Champa','Pheap','Engineering','Indonesia','Champa.Pheap@allinone.com.id',2)
,(151570,'Rahim','Harun','Engineering','Singapore','Rahim.Harun@allinone.com.sg',2)
,(151571,'Hakim','Sulaiman','Engineering','Malaysia','Hakim.Sulaiman@allinone.com.my',2)
,(151573,'Trung','Nguyen','Engineering','Singapore','Trung.Nguyen@allinone.com.sg',2)
,(151574,'Seng','Sao','Engineering','Vietnam','Seng.Sao@allinone.com.vn',2)
,(151575,'Narong','Savoeun','Engineering','Singapore','Narong.Savoeun@allinone.com.sg',2)
,(151576,'Phuc','Luong','Engineering','Singapore','Phuc.Luong@allinone.com.sg',2)
,(151578,'Chandara','Tith','Engineering','Hong Kong','Chandara.Tith@allinone.com.hk',2)
,(151579,'Soma','Voeun','Engineering','Singapore','Soma.Voeun@allinone.com.sg',2)
,(151580,'Siv','Sothea','Engineering','Singapore','Siv.Sothea@allinone.com.sg',2)
,(151581,'Vannak','Samnang','Engineering','Singapore','Vannak.Samnang@allinone.com.sg',2)
,(151582,'Kumara','Sareth','Engineering','Singapore','Kumara.Sareth@allinone.com.sg',2)
,(151583,'Sok','Kheng','Engineering','Singapore','Sok.Kheng@allinone.com.sg',2)
,(151584,'Siti','Yusuf','Engineering','Singapore','Siti.Yusuf@allinone.com.sg',2)
,(151585,'Chanh','Tith','Engineering','Indonesia','Chanh.Tith@allinone.com.id',2)
,(151589,'Anh','Van','Engineering','Singapore','Anh.Van@allinone.com.sg',2)
,(151590,'Priya','Kumar','Engineering','Malaysia','Priya.Kumar@allinone.com.my',2)
,(151591,'Nanda','Kesavan','Engineering','Singapore','Nanda.Kesavan@allinone.com.sg',2)
,(151593,'Rithy','Sok','Engineering','Vietnam','Rithy.Sok@allinone.com.vn',2)
,(151595,'Mani','Devi','Engineering','Singapore','Mani.Devi@allinone.com.sg',2)
,(151596,'Koh','Seng','Engineering','Singapore','Koh.Seng@allinone.com.sg',2)
,(151597,'Arifin','Saputra','Engineering','Hong Kong','Arifin.Saputra@allinone.com.hk',2)
,(151598,'Kumari','Pillai','Engineering','Singapore','Kumari.Pillai@allinone.com.sg',2)
,(151600,'Narong','Chua','Engineering','Singapore','Narong.Chua@allinone.com.sg',3)
,(151601,'Thi','Ling','Engineering','Singapore','Thi.Ling@allinone.com.sg',2)
,(151602,'Vannak','Seng','Engineering','Singapore','Vannak.Seng@allinone.com.sg',2)
,(151603,'Phuong','Truong','Engineering','Singapore','Phuong.Truong@allinone.com.sg',2)
,(151605,'Srey','Suon','Engineering','Singapore','Srey.Suon@allinone.com.sg',2)
,(151606,'Hlaing','Myat','Engineering','Indonesia','Hlaing.Myat@allinone.com.id',2)
,(151607,'Anh','Vo','Engineering','Singapore','Anh.Vo@allinone.com.sg',2)
,(151608,'Chin','Chen','Engineering','Malaysia','Chin.Chen@allinone.com.my',2)
,(151609,'Nara','Loo','Engineering','Singapore','Nara.Loo@allinone.com.sg',2)
,(151610,'Somchai','Kong','Engineering','Vietnam','Somchai.Kong@allinone.com.vn',2)
,(151611,'Rath','Khun','Engineering','Singapore','Rath.Khun@allinone.com.sg',2)
,(151612,'Chinh','Nguyen','Engineering','Singapore','Chinh.Nguyen@allinone.com.sg',2)
,(151613,'Yee','Chong','Engineering','Hong Kong','Yee.Chong@allinone.com.hk',2)
,(160008,'Sally','Loh','HR','Singapore','Sally.Loh@allinone.com.sg',4)
,(160065,'John','Tan','HR','Singapore','John.Tan@allinone.com.sg',2)
,(160075,'James','Tan','HR','Singapore','James.Tan@allinone.com.sg',3)
,(160076,'Jack','Goh','HR','Singapore','Jack.Goh@allinone.com.sg',4)
,(160118,'Derek','Chan','HR','Singapore','Derek.Chan@allinone.com.sg',4)
,(160135,'Jaclyn','Ong','HR','Singapore','Jaclyn.Ong@allinone.com.sg',4)
,(160142,'Benjamin','Teo','HR','Singapore','Benjamin.Teo@allinone.com.sg',4)
,(160143,'Lucas','Lee','HR','Singapore','Lucas.Lee@allinone.com.sg',4)
,(160145,'Mary','Wong','HR','Singapore','Mary.Wong@allinone.com.sg',2)
,(160146,'Oliva','Yong','HR','Singapore','Oliva.Yong@allinone.com.sg',2)
,(160148,'Henry','Lim','HR','Singapore','Henry.Lim@allinone.com.sg',2)
,(160155,'Alexander','Heng','HR','Singapore','Alexander.Heng@allinone.com.sg',2)
,(160188,'Emma','Toh','HR','Singapore','Emma.Toh@allinone.com.sg',2)
,(160212,'Charlotte','The','HR','Singapore','Charlotte.The@allinone.com.sg',2)
,(160213,'Amelia','Ng','HR','Singapore','Amelia.Ng@allinone.com.sg',2)
,(160218,'Eva','Tan','HR','Singapore','Eva.Tan@allinone.com.sg',2)
,(160225,'Sophia','Fu','HR','Singapore','Sophia.Fu@allinone.com.sg',4)
,(160258,'Michael','Tong','HR','Singapore','Michael.Tong@allinone.com.sg',4)
,(160282,'Ethan','Loh','HR','Singapore','Ethan.Loh@allinone.com.sg',4)
,(160283,'Somchai','Kong','HR','Singapore','Somchai.Kong@allinone.com.sg',4)
,(160284,'Rath','Khun','HR','Singapore','Rath.Khun@allinone.com.sg',4)
,(160286,'Chinh','Nguyen','HR','Singapore','Chinh.Nguyen@allinone.com.sg',4)
,(160287,'Yee','Chong','HR','Singapore','Yee.Chong@allinone.com.sg',2)
,(160288,'Heng','Phal','HR','Singapore','Heng.Phal@allinone.com.sg',2)
,(160289,'Sokunthea','Seng','HR','Singapore','Sokunthea.Seng@allinone.com.sg',2)
,(160290,'Champa','Pheap','HR','Singapore','Champa.Pheap@allinone.com.sg',2)
,(160291,'Rahim','Harun','HR','Singapore','Rahim.Harun@allinone.com.sg',2)
,(160293,'Hakim','Sulaiman','HR','Singapore','Hakim.Sulaiman@allinone.com.sg',2)
,(160294,'Trung','Nguyen','HR','Singapore','Trung.Nguyen@allinone.com.sg',2)
,(160295,'Seng','Sao','HR','Singapore','Seng.Sao@allinone.com.sg',2)
,(160296,'Narong','Savoeun','HR','Singapore','Narong.Savoeun@allinone.com.sg',4)
,(160297,'Phuc','Luong','HR','Singapore','Phuc.Luong@allinone.com.sg',2)
,(160298,'Chandara','Tith','HR','Singapore','Chandara.Tith@allinone.com.sg',2)
,(160299,'Soma','Voeun','HR','Singapore','Soma.Voeun@allinone.com.sg',2)
,(160300,'Siv','Sothea','HR','Singapore','Siv.Sothea@allinone.com.sg',2)
,(160301,'Vannak','Samnang','HR','Singapore','Vannak.Samnang@allinone.com.sg',2)
,(160302,'Kumara','Sareth','HR','Singapore','Kumara.Sareth@allinone.com.sg',3)
,(160303,'Sok','Kheng','HR','Singapore','Sok.Kheng@allinone.com.sg',2)
,(160304,'Siti','Yusuf','HR','Singapore','Siti.Yusuf@allinone.com.sg',2)
,(160305,'Chanh','Tith','HR','Singapore','Chanh.Tith@allinone.com.sg',2)
,(160306,'Anh','Van','HR','Singapore','Anh.Van@allinone.com.sg',3)
,(160307,'Priya','Kumar','HR','Singapore','Priya.Kumar@allinone.com.sg',2)
,(160308,'Nanda','Kesavan','HR','Singapore','Nanda.Kesavan@allinone.com.sg',2)
,(160313,'Rithy','Sok','HR','Singapore','Rithy.Sok@allinone.com.sg',4)
,(160314,'Mani','Devi','HR','Singapore','Mani.Devi@allinone.com.sg',4)
,(160315,'Koh','Seng','HR','Singapore','Koh.Seng@allinone.com.sg',4)
,(160316,'Arifin','Saputra','HR','Singapore','Arifin.Saputra@allinone.com.sg',4)
,(160317,'Kumari','Pillai','HR','Singapore','Kumari.Pillai@allinone.com.sg',2)
,(160318,'Narong','Chua','HR','Singapore','Narong.Chua@allinone.com.sg',3)
,(160323,'Thi','Ling','HR','Singapore','Thi.Ling@allinone.com.sg',2)
,(160324,'Vannak','Seng','HR','Singapore','Vannak.Seng@allinone.com.sg',2)
,(160325,'Phuong','Truong','HR','Singapore','Phuong.Truong@allinone.com.sg',2)
,(160326,'Srey','Suon','HR','Singapore','Srey.Suon@allinone.com.sg',2)
,(160328,'Hlaing','Myat','HR','Singapore','Hlaing.Myat@allinone.com.sg',3)
,(160329,'Anh','Vo','HR','Singapore','Anh.Vo@allinone.com.sg',4)
,(160330,'Chin','Chen','HR','Singapore','Chin.Chen@allinone.com.sg',4)
,(160331,'Nara','Loo','HR','Singapore','Nara.Loo@allinone.com.sg',4)
,(160332,'Somchai','Kong','HR','Singapore','Somchai.Kong@allinone.com.sg',4)
,(160333,'Rath','Khun','HR','Singapore','Rath.Khun@allinone.com.sg',4)
,(160334,'Chinh','Nguyen','HR','Singapore','Chinh.Nguyen@allinone.com.sg',2)
,(160335,'Yee','Chong','HR','Singapore','Yee.Chong@allinone.com.sg',3)
,(160336,'Heng','Phal','HR','Singapore','Heng.Phal@allinone.com.sg',2)
,(160337,'Sokunthea','Seng','HR','Singapore','Sokunthea.Seng@allinone.com.sg',2)
,(160338,'Champa','Pheap','HR','Singapore','Champa.Pheap@allinone.com.sg',2)
,(160339,'Rahim','Harun','HR','Singapore','Rahim.Harun@allinone.com.sg',2)
,(170166,'David','Yap','Finance','Singapore','David.Yap@allinone.com.sg',3)
,(170208,'Daniel','Tan','Finance','Singapore','Daniel.Tan@allinone.com.sg',2)
,(170215,'Mary','Wong','Finance','Singapore','Mary.Wong@allinone.com.sg',2)
,(170216,'Jaclyn','Ong','Finance','Singapore','Jaclyn.Ong@allinone.com.sg',2)
,(170232,'Jacob','Tan','Finance','Singapore','Jacob.Tan@allinone.com.sg',2)
,(170233,'Logan','Goh','Finance','Singapore','Logan.Goh@allinone.com.sg',2)
,(170238,'Jackson','Chan','Finance','Singapore','Jackson.Chan@allinone.com.sg',2)
,(170245,'Aiden','Teo','Finance','Singapore','Aiden.Teo@allinone.com.sg',2)
,(170655,'Samuel','Lee','Finance','Singapore','Samuel.Lee@allinone.com.sg',2)
,(170866,'Susan','Lim','Finance','Singapore','Susan.Lim@allinone.com.sg',2)
,(171008,'Janice','Heng','Finance','Singapore','Janice.Heng@allinone.com.sg',2)
,(171009,'Nanda','Kesavan','Finance','Singapore','Nanda.Kesavan@allinone.com.sg',3)
,(171010,'Rithy','Sok','Finance','Singapore','Rithy.Sok@allinone.com.sg',2)
,(171011,'Mani','Devi','Finance','Singapore','Mani.Devi@allinone.com.sg',2)
,(171012,'Koh','Seng','Finance','Singapore','Koh.Seng@allinone.com.sg',2)
,(171013,'Arifin','Saputra','Finance','Singapore','Arifin.Saputra@allinone.com.sg',2)
,(171014,'Kumari','Pillai','Finance','Singapore','Kumari.Pillai@allinone.com.sg',3)
,(171015,'Narong','Chua','Finance','Singapore','Narong.Chua@allinone.com.sg',2)
,(171016,'Thi','Ling','Finance','Singapore','Thi.Ling@allinone.com.sg',2)
,(171017,'Vannak','Seng','Finance','Singapore','Vannak.Seng@allinone.com.sg',2)
,(171018,'Phuong','Truong','Finance','Singapore','Phuong.Truong@allinone.com.sg',3)
,(171022,'Srey','Suon','Finance','Singapore','Srey.Suon@allinone.com.sg',2)
,(171023,'Hlaing','Myat','Finance','Singapore','Hlaing.Myat@allinone.com.sg',2)
,(171024,'Anh','Vo','Finance','Singapore','Anh.Vo@allinone.com.sg',2)
,(171026,'Chin','Chen','Finance','Singapore','Chin.Chen@allinone.com.sg',2)
,(171027,'Nara','Loo','Finance','Singapore','Nara.Loo@allinone.com.sg',2)
,(171029,'Somchai','Kong','Finance','Singapore','Somchai.Kong@allinone.com.sg',3)
,(171030,'Rath','Khun','Finance','Singapore','Rath.Khun@allinone.com.sg',2)
,(171031,'Chinh','Nguyen','Finance','Singapore','Chinh.Nguyen@allinone.com.sg',2)
,(171032,'Yee','Chong','Finance','Singapore','Yee.Chong@allinone.com.sg',2)
,(171033,'Heng','Phal','Finance','Singapore','Heng.Phal@allinone.com.sg',2)
,(171034,'Sokunthea','Seng','Finance','Singapore','Sokunthea.Seng@allinone.com.sg',2)
,(171035,'Champa','Pheap','Finance','Singapore','Champa.Pheap@allinone.com.sg',2)
,(171036,'Rahim','Harun','Finance','Singapore','Rahim.Harun@allinone.com.sg',2)
,(171038,'Hakim','Sulaiman','Finance','Singapore','Hakim.Sulaiman@allinone.com.sg',2)
,(171039,'Trung','Nguyen','Finance','Singapore','Trung.Nguyen@allinone.com.sg',2)
,(171041,'Seng','Sao','Finance','Singapore','Seng.Sao@allinone.com.sg',2)
,(171042,'Narong','Savoeun','Finance','Singapore','Narong.Savoeun@allinone.com.sg',2)
,(171043,'Phuc','Luong','Finance','Singapore','Phuc.Luong@allinone.com.sg',3)
,(171044,'Chandara','Tith','Finance','Singapore','Chandara.Tith@allinone.com.sg',2)
,(171045,'Soma','Voeun','Finance','Singapore','Soma.Voeun@allinone.com.sg',2)
,(171046,'Siv','Sothea','Finance','Singapore','Siv.Sothea@allinone.com.sg',2)
,(171047,'Vannak','Samnang','Finance','Singapore','Vannak.Samnang@allinone.com.sg',2)
,(171048,'Kumara','Sareth','Finance','Singapore','Kumara.Sareth@allinone.com.sg',2)
,(180001,'Ernst','Sim','Consultancy','Singapore','Ernst.Sim@allinone.com.sg',3)
,(180002,'Rithy','Chheng','Consultancy','Singapore','Rithy.Chheng@allinone.com.sg',2)
,(180003,'Mani','Raj','Consultancy','Singapore','Mani.Raj@allinone.com.sg',2)
,(180004,'Sokunthea','Phan','Consultancy','Singapore','Sokunthea.Phan@allinone.com.sg',2)
,(180005,'Mani','Devi','Consultancy','Singapore','Mani.Devi@allinone.com.sg',2)
,(180006,'Somnang','Suon','Consultancy','Singapore','Somnang.Suon@allinone.com.sg',2)
,(180010,'Samsul','Rahman','Consultancy','Singapore','Samsul.Rahman@allinone.com.sg',2)
,(180011,'Rath','Phan','Consultancy','Singapore','Rath.Phan@allinone.com.sg',2)
,(180012,'Ji','Han','Consultancy','Singapore','Ji.Han@allinone.com.sg',3)
,(180013,'Sok','Pich','Consultancy','Singapore','Sok.Pich@allinone.com.sg',2)
,(180014,'Minh','Hoang','Consultancy','Singapore','Minh.Hoang@allinone.com.sg',2)
,(180015,'Anil','Kumar','Consultancy','Singapore','Anil.Kumar@allinone.com.sg',2)
,(180019,'Chinh','Le','Consultancy','Singapore','Chinh.Le@allinone.com.sg',2)
,(180020,'Seng','Seng','Consultancy','Singapore','Seng.Seng@allinone.com.sg',2)
,(180021,'Nanda','Kesavan','Consultancy','Singapore','Nanda.Kesavan@allinone.com.sg',2)
,(180022,'Amirah','Ahmad','Consultancy','Singapore','Amirah.Ahmad@allinone.com.sg',2)
,(180023,'Sokly','Sok','Consultancy','Singapore','Sokly.Sok@allinone.com.sg',2)
,(180025,'Trung','Pham','Consultancy','Singapore','Trung.Pham@allinone.com.sg',2)
,(180026,'Rithya','Suon','Consultancy','Singapore','Rithya.Suon@allinone.com.sg',2)
,(180027,'Phuc','Vo','Consultancy','Singapore','Phuc.Vo@allinone.com.sg',2)
,(180029,'Chandra','Pandey','Consultancy','Singapore','Chandra.Pandey@allinone.com.sg',3)
,(180030,'Manoj','Singh','Consultancy','Singapore','Manoj.Singh@allinone.com.sg',2)
,(180032,'Phalla','Yong','Consultancy','Singapore','Phalla.Yong@allinone.com.sg',2)
,(180033,'Chhaya','Sou','Consultancy','Singapore','Chhaya.Sou@allinone.com.sg',2)
,(180034,'Soma','Lim','Consultancy','Singapore','Soma.Lim@allinone.com.sg',2)
,(180036,'Siv','Sun','Consultancy','Singapore','Siv.Sun@allinone.com.sg',2)
,(180037,'Vannak','Mao','Consultancy','Singapore','Vannak.Mao@allinone.com.sg',2)
,(180038,'Kumara','Seng','Consultancy','Singapore','Kumara.Seng@allinone.com.sg',2)
,(190003,'Sok','Heng','Solutioning','Singapore','Sok.Heng@allinone.com.sg',2)
,(190004,'Siti','Saad','Solutioning','Singapore','Siti.Saad@allinone.com.sg',2)
,(190005,'Chanh','Ly','Solutioning','Singapore','Chanh.Ly@allinone.com.sg',2)
,(190006,'Anh','Truong','Solutioning','Singapore','Anh.Truong@allinone.com.sg',2)
,(190008,'Hakim','Rahman','Solutioning','Singapore','Hakim.Rahman@allinone.com.sg',2)
,(190009,'Priya','Kaur','Solutioning','Singapore','Priya.Kaur@allinone.com.sg',2)
,(190010,'Narong','Chen','Solutioning','Singapore','Narong.Chen@allinone.com.sg',2)
,(190014,'Rin','Sok','Solutioning','Singapore','Rin.Sok@allinone.com.sg',2)
,(190015,'Phuc','Lam','Solutioning','Singapore','Phuc.Lam@allinone.com.sg',2)
,(190016,'Sok','Chin','Solutioning','Singapore','Sok.Chin@allinone.com.sg',2)
,(190017,'Chandara','Kong','Solutioning','Singapore','Chandara.Kong@allinone.com.sg',2)
,(190018,'Phanith','Sok','Solutioning','Singapore','Phanith.Sok@allinone.com.sg',2)
,(190019,'Heng','Sim','Solutioning','Singapore','Heng.Sim@allinone.com.sg',3)
,(190021,'Nanda','Devan','Solutioning','Singapore','Nanda.Devan@allinone.com.sg',2)
,(190022,'Pich','Phan','Solutioning','Singapore','Pich.Phan@allinone.com.sg',2)
,(190024,'Anil','Sarawat','Solutioning','Singapore','Anil.Sarawat@allinone.com.sg',2)
,(190025,'Nguyen','Tuan','Solutioning','Singapore','Nguyen.Tuan@allinone.com.sg',2)
,(190026,'Bao','Kim','Solutioning','Singapore','Bao.Kim@allinone.com.sg',2)
,(190027,'Boun','Sok','Solutioning','Singapore','Boun.Sok@allinone.com.sg',2)
,(190028,'Soma','Khun','Solutioning','Singapore','Soma.Khun@allinone.com.sg',2)
,(190029,'Samsul','Saifullah','Solutioning','Singapore','Samsul.Saifullah@allinone.com.sg',2)
,(190030,'Rina','Li','Solutioning','Singapore','Rina.Li@allinone.com.sg',2)
,(190031,'Mani','Prasad','Solutioning','Singapore','Mani.Prasad@allinone.com.sg',2)
,(190032,'Koh','Seng','Solutioning','Singapore','Koh.Seng@allinone.com.sg',2)
,(190033,'Arifin','Siregar','Solutioning','Singapore','Arifin.Siregar@allinone.com.sg',2)
,(190035,'Kumari','Devi','Solutioning','Singapore','Kumari.Devi@allinone.com.sg',2)
,(190036,'Narong','Khun','Solutioning','Singapore','Narong.Khun@allinone.com.sg',2)
,(190037,'Siti','Abdullah','Solutioning','Singapore','Siti.Abdullah@allinone.com.sg',3)
,(190038,'Heng','Chan','Solutioning','Singapore','Heng.Chan@allinone.com.sg',2)
,(190040,'Rina','Tan','Solutioning','Singapore','Rina.Tan@allinone.com.sg',2)
,(190041,'Boun','Souk','Solutioning','Singapore','Boun.Souk@allinone.com.sg',2)
,(190042,'Aung','Kyaw','Solutioning','Singapore','Aung.Kyaw@allinone.com.sg',2)
,(190043,'Thuy','Nguyen','Solutioning','Singapore','Thuy.Nguyen@allinone.com.sg',2)
,(190044,'Rajesh','Kumar','Solutioning','Singapore','Rajesh.Kumar@allinone.com.sg',2)
,(190045,'Koh','Lim','Solutioning','Singapore','Koh.Lim@allinone.com.sg',2)
,(190046,'Somchai','Somboon','Solutioning','Singapore','Somchai.Somboon@allinone.com.sg',2)
,(190047,'Seng','Lee','Solutioning','Singapore','Seng.Lee@allinone.com.sg',2)
,(190048,'Anh','Tran','Solutioning','Singapore','Anh.Tran@allinone.com.sg',2)
,(190049,'Ratana','Chen','Solutioning','Singapore','Ratana.Chen@allinone.com.sg',2)
,(190050,'Bui','Nguyen','Solutioning','Singapore','Bui.Nguyen@allinone.com.sg',2)
,(190051,'Rahim','Khalid','Solutioning','Singapore','Rahim.Khalid@allinone.com.sg',2)
,(190052,'Dewi','Putri','Solutioning','Singapore','Dewi.Putri@allinone.com.sg',2)
,(190054,'Sokha','Seng','Solutioning','Singapore','Sokha.Seng@allinone.com.sg',2)
,(190055,'Tuan','Nguyen','Solutioning','Singapore','Tuan.Nguyen@allinone.com.sg',2)
,(190056,'Bao','Luu','Solutioning','Singapore','Bao.Luu@allinone.com.sg',2)
,(190057,'Amara','Singh','Solutioning','Singapore','Amara.Singh@allinone.com.sg',2)
,(190058,'Srey','Mao','Solutioning','Singapore','Srey.Mao@allinone.com.sg',2)
,(190059,'Phuc','Le','Solutioning','Singapore','Phuc.Le@allinone.com.sg',3)
,(190064,'Arifin','Saputra','Solutioning','Singapore','Arifin.Saputra@allinone.com.sg',2)
,(190065,'Siti','Salleh','Solutioning','Malaysia','Siti.Salleh@allinone.com.my',2)
,(190066,'Rina','Siriporn','Solutioning','Malaysia','Rina.Siriporn@allinone.com.my',2)
,(190067,'Minh','Ly','Solutioning','Malaysia','Minh.Ly@allinone.com.my',3)
,(190068,'Chandara','Kim','Solutioning','Malaysia','Chandara.Kim@allinone.com.my',2)
,(190069,'Heng','Phan','Solutioning','Indonesia','Heng.Phan@allinone.com.id',2)
,(190070,'Nara','Khun','Solutioning','Indonesia','Nara.Khun@allinone.com.id',3)
,(190074,'Priya','Malik','Solutioning','Indonesia','Priya.Malik@allinone.com.id',2)
,(190075,'Ngoc','Trinh','Solutioning','Indonesia','Ngoc.Trinh@allinone.com.id',2)
,(190076,'Manoj','Kumar','Solutioning','Indonesia','Manoj.Kumar@allinone.com.id',2)
,(190077,'Anh','Pham','Solutioning','Vietnam','Anh.Pham@allinone.com.vn',3)
,(190078,'Somsak','Somsri','Solutioning','Vietnam','Somsak.Somsri@allinone.com.vn',2)
,(190079,'Chin','Lim','Solutioning','Vietnam','Chin.Lim@allinone.com.vn',2)
,(190080,'Sok','Chhay','Solutioning','Hong Kong','Sok.Chhay@allinone.com.hk',2)
,(190082,'Tat','Nguyen','Solutioning','Hong Kong','Tat.Nguyen@allinone.com.hk',2)
,(190086,'Hlaing','Sithu','Solutioning','Hong Kong','Hlaing.Sithu@allinone.com.hk',3)
,(190087,'Santhi','Perumal','Solutioning','Hong Kong','Santhi.Perumal@allinone.com.hk',2)
,(190088,'Hakim','Siregar','Solutioning','Hong Kong','Hakim.Siregar@allinone.com.hk',2)
,(190089,'Sirirat','Chaiyaporn','Solutioning','Hong Kong','Sirirat.Chaiyaporn@allinone.com.hk',2)
,(190091,'Chinh','Tran','Solutioning','Singapore','Chinh.Tran@allinone.com.sg',2)
,(190092,'Siti','Ahmad','Solutioning','Singapore','Siti.Ahmad@allinone.com.sg',2)
,(190093,'Chandra','Rai','Solutioning','Singapore','Chandra.Rai@allinone.com.sg',3)
,(190094,'Ratana','Keo','Solutioning','Singapore','Ratana.Keo@allinone.com.sg',2)
,(190095,'Yee','Lim','Solutioning','Singapore','Yee.Lim@allinone.com.sg',2)
,(190096,'Wai','Yong','Solutioning','Singapore','Wai.Yong@allinone.com.sg',2)
,(190097,'Thi','Pham','Solutioning','Singapore','Thi.Pham@allinone.com.sg',2)
,(190098,'Nara','Sok','Solutioning','Singapore','Nara.Sok@allinone.com.sg',2)
,(210001,'Peter','Yap','IT','Singapore','Peter.aypallinone.com.sg',3)
,(210017,'Rithy','Sok','IT','Singapore','Kumara.Sareth@allinone.com.sg',2)
,(210018,'Mani','Devi','IT','Singapore','Rithy.Sok@allinone.com.sg',3)
,(210019,'Koh','Seng','IT','Singapore','Mani.Devi@allinone.com.sg',2)
,(210020,'Arifin','Saputra','IT','Singapore','Koh.Seng@allinone.com.sg',2)
,(210021,'Kumari','Pillai','IT','Singapore','Arifin.Saputra@allinone.com.sg',2)
,(210022,'Narong','Chua','IT','Singapore','Kumari.Pillai@allinone.com.sg',2)
,(210023,'Thi','Ling','IT','Singapore','Narong.Chua@allinone.com.sg',2)
,(210024,'Vannak','Seng','IT','Singapore','Thi.Ling@allinone.com.sg',2)
,(210025,'Phuong','Truong','IT','Singapore','Vannak.Seng@allinone.com.sg',2)
,(210026,'Srey','Suon','IT','Singapore','Phuong.Truong@allinone.com.sg',2)
,(210027,'Hlaing','Myat','IT','Singapore','Srey.Suon@allinone.com.sg',2)
,(210028,'Anh','Vo','IT','Singapore','Hlaing.Myat@allinone.com.sg',3)
,(210029,'Chin','Chen','IT','Singapore','Anh.Vo@allinone.com.sg',2)
,(210030,'Nara','Loo','IT','Singapore','Chin.Chen@allinone.com.sg',2)
,(210031,'Somchai','Kong','IT','Singapore','Nara.Loo@allinone.com.sg',2)
,(210032,'Rath','Khun','IT','Singapore','Somchai.Kong@allinone.com.sg',2)
,(210033,'Chinh','Nguyen','IT','Singapore','Rath.Khun@allinone.com.sg',2)
,(210034,'Yee','Chong','IT','Singapore','Chinh.Nguyen@allinone.com.sg',2)
,(210035,'Heng','Phal','IT','Singapore','Yee.Chong@allinone.com.sg',2)
,(210036,'Sokunthea','Seng','IT','Singapore','Heng.Phal@allinone.com.sg',2)
,(210037,'Champa','Pheap','IT','Singapore','Sokunthea.Seng@allinone.com.sg',2)
,(210038,'Rahim','Harun','IT','Singapore','Champa.Pheap@allinone.com.sg',2)
,(210039,'Hakim','Sulaiman','IT','Singapore','Rahim.Harun@allinone.com.sg',2)
,(210040,'Trung','Nguyen','IT','Singapore','Hakim.Sulaiman@allinone.com.sg',2)
,(210041,'Seng','Sao','IT','Singapore','Trung.Nguyen@allinone.com.sg',2)
,(210042,'Narong','Savoeun','IT','Singapore','Seng.Sao@allinone.com.sg',2)
,(210043,'Phuc','Luong','IT','Singapore','Narong.Savoeun@allinone.com.sg',2)
,(210044,'Chandara','Tith','IT','Singapore','Phuc.Luong@allinone.com.sg',2);

DROP TABLE IF EXISTS `role`;
CREATE TABLE IF NOT EXISTS `role` (
    role_name varchar(50) NOT NULL,
    role_desc longtext NOT NULL,
    CONSTRAINT role_pkey PRIMARY KEY (role_name)
)  ENGINE=InnoDB AUTO_INCREMENT=2 DEFAULT CHARSET=utf8;

INSERT INTO role (role_name, role_desc) VALUES
('Account Manager',"The Account Manager acts as a key point of contact between an organisation and its clients. He/She possesses thorough product knowledge and oversees product and/or service sales. He works with customers to identify their wants and prepares reports by collecting, analysing, and summarising sales information. He contacts existing customers to discuss and give recommendations on how specific products or services can meet their needs. He maintains customer relationships to strategically place new products and drive sales for long-term growth. He works in a fast-paced and dynamic environment, and travels frequently to clients' premises for meetings. He is familiar with client relationship management and sales tools. He is knowledgeable of the organisation's products and services, as well as trends, developments and challenges of the industry domain. The Sales Account Manager is a resourceful, people-focused and persistent individual, who takes rejection as a personal challenge to succeed when given opportunity. He appreciates the value of long lasting relationships and prioritises efforts to build trust with existing and potential customers. He exhibits good listening skills and is able to establish rapport with customers and team members alike easily.")
,('Admin Executive',"Admin Executive will act as the point of contact for all employees, providing administrative support and managing their queries. Main duties include managing office stock, preparing regular reports (e.g. expenses and office budgets) and organizing company records. If you have previous experience as a Office Administrator or similar administrative role, we'd like to meet you.")
,('Call Centre','Call Centre Executive is responsible for providing assistance to customers by addressing their queries and requests. He/She advises customers on appropriate products and services based on their needs. He is responsible for the preparation of customer documentation. In the case of complex customer requests, he escalates them to senior officers. He is able to abide by safety and/or security standards in the workplace.
<br> The Call Centre Executive  pays strong attention to details to verify and process documentation. He also shows initiative and quick decision-making skills to provide excellent personalised customer services and support. He is comfortable with various stakeholder interactions whilst working in shifts and possesses adequate computer literacy to process customer documentation.')
,('Consultancy Director',"The  Director defines and articulates the organisation's strategy for securing technical wins with prospective clients. He/She focuses on developing key growth  strategies, tactics and action plans required to achieve revenue and/or sales targets. He advises the team on developing prototypes to ensure feasibility of solutions, and oversees the delivery of in-depth presentations and product demonstrations to clients. He solves complex problems and evaluates clients needs with different perspectives. He works in a fast-paced and dynamic environment, and travels frequently to clients' premises for technical sales pitches and meetings. He is familiar with client relationship management and sales tools. He possesses deep product and technical knowledge, and is knowledgeable of the trends, developments and challenges of the industry domain. The  Director is target-driven and client centric, and has the ability to foster collaboration between stakeholders. He has a deep understanding of key business industries and knowledge of products and services in the market. He is strongly committed to developing talent and inspires his team members to pursue a common vision.")
,('Consultant',"The Consultant is responsible for providing Sales technical expertise to the sales team and clients during the sales process. He/She delivers presentations and technical demonstrations of the organisation's products to prospective clients. He translates the client's business requirements into technical specifications and requirements, and provides technical inputs for proposals, tenders, bids and any relevant documents. He uses prescribed guidelines or policies to analyse and solve problems. He works in a fast-paced and dynamic environment, and travels frequently to clients' premises for technical sales pitches and meetings. He is familiar with client relationship management and sales tools. He possesses deep product and technical knowledge, and is knowledgeable of the trends, developments and challenges of the industry domain. The Sakes Consultant displays effective listening skills and is inquisitive in nature. He possesses deep technical and domain knowledge, pays attention to detail, and has strong analytical and problem-solving capabilities. He has a service-oriented personality and is a team player who works towards developing solutions collaboratively.")
,('Developer',"The Developer leads important projects and possesses capability to make breakthroughs in design, development, testing, debugging and implementing software applications or specialised utility programs in support of end users' needs on platforms. He/She plans and coordinates regular updates and recommends improvements to existing applications. He identifies and resolves issues which have organisation wide and long-term impact. He identifies security risks, creates requirements to capture security issues, and performs initial threat modelling to ensure coding standards meets security requirements. He develops and maintains the software configuration management plan and oversees the building, verification and implementation of software releases. He provides guidance and technical support to the quality testing teams. He works in a team setting and is proficient in programming languages required by the organisation. He is familiar with software development tools and standards, as well as the relevant software platforms on which the solution is deployed on. The Developer is imaginative and creative in exploring a range of application designs and solutions. He is able to engage and support others in the team, readily put forth his ideas in a clear and compelling manner.")
,('Engineering Director',"The Engineering Director is responsible for spearheading the strategic planning, design and implementation of complex engineering solutions to meet customers requirements. He/She drives direction and strategy for the development and execution of engineering projects, and ensures alignment to the organisational strategy, vision and mission. He formulates strategies and frameworks to drive workplace health, safety, risk and environmental management in accordance with local and international regulations. He develops the organisations technology roadmap and drives continuous improvement strategies. In addition, he leverages his deep technical expertise and industry experience to develop technical capabilities and domain expertise for the organisation. He is a professional engineer, specialising in mechanical, electrical, control and instrumentation, civil, structural or geotechnical engineering disciplines.
<br> He is the organisations technical expert who advises senior management and business partners on complex engineering matters. He maintains and builds strong links with the external engineering community and establishes best practises in the implementation of engineering standards and design. He is a strategic and creative thinker, demonstrates exceptional leadership and problem-solving skills, and establishes strategic partnerships.")
,('Finance  Executive',"The Finance Executive supports the finance department in carrying out the responsibilities of the accounting department. He/She is involved in work that is specific to accounts receivable, accounts payable, tax filing, data compilation, billing, payroll or other accounting tasks. In some instances, he may work specifically with accruals, fixed assets accounting or the monthly and yearly finalisation of accounts for audit purposes. The Accounts Executive/Accounts Assistant may also assist with the preparation of trial balance, basic financial statements and simple consolidated financial statements. He may be called on to participate in ad-hoc finance-related projects and systems testing when necessary.")
,('Finance Director',"The Finance Director is the business partner for all the business units in an organisation. He/She serves as the organisations go-to person for all matters related to accounting. He provides technical accounting advice to various stakeholders to maximise organisation's value and minimise risks in accordance with external and internal accounting guidance. The Business Controller/Finance Director demonstrates excellent people skills to facilitate the on-going business relationships and find new business opportunities. He also play a critical role in financial planning and analysis supporting key management decisions which includes involvement in providing operational risk management support to the business and ensuring proper business performance management through profitability and operational analysis. In addition, he is involved in recruitment, performance management, appraisal and identifying training and development needs for the business units in an organisation.")
,('Finance Manager',"The Finance Manager is the lead finance business partner for the organisation and has responsibilities covering all aspects of financial management, performance management, financial accounting, budgeting, corporate reporting etc. He/she has sound technical as well as management skills and be able to lead a team consisting of finance professionals with varied, in-depth or niche technical knowledge and abilities; consolidating their work and ensuring its quality and accuracy, especially for reporting purposes. The Finance Manager is expected to provide sound financial advice and counsel on working capital, financing or the financial position of the organisation by synthesising internal and external data and studying the economic environment. He often has a key role in implementing best practices in order to identify and manage all financial and business risks and to meet the organisation's desired business and fiscal goals. He is expected to have a firm grasp of economic and business trends and to implement work improvement projects that are geared towards quality, compliance and efficiency in finance.")
,('HR Director',"The HR Director is responsible for establishing the overall talent management strategies and frameworks to identify, prepare and position the right talent to drive organisational success. He/She formulates career development frameworks and programmes to provide fulfilling career opportunities to employees in the organisation. He liaises with senior business stakeholders to formulate robust succession plans for business-critical roles in the organisation, ensuring future viability and alignment with business plans and direction. He is responsible for establishing retirement and exit policies and guidelines, and evaluating the business impact of redundancy, retirement and exit decisions. He also guides and advises senior business leaders in the management and communication of sensitive talent decisions. As a department head, he is responsible for setting the direction and articulating goals and objectives for the team, and driving the integration of Skills Frameworks across the organisation's talent management plans.
<br> The HR Director is a forward-thinking and influential leader who is able to integrate knowledge across diverse domains to make robust decisions and address multi-faceted issues effectively. He has the desire to motivate employees and develop talent capabilities both within the team and across the organisation, and demonstrates sensitivity and diplomacy when interacting with stakeholders at various levels.")
,('HR Executive',"HR Team executes planned talent outreach and engagement activities to source for potential candidates and maintains an optimal experience for employees. He/She conducts the initial screening of potential candidates, administers assessments and prepares employment contracts as per guidelines. He tracks the conversion success rate for each sourcing channel and provides administrative and logistical support during onboarding. He administers employee engagement surveys and collates responses and feedback while ensuring confidentiality of information provided.
<br> HR Team Executive enjoys working in a team environment and interacts proactively with various stakeholders. He has a service-oriented mindset and can adapt to various forms of technology within his work space to enhance his work. ")
,('IT Analyst',"IT Analyst performs routine infrastructure operations and maintenance activities. He/She assists with monitoring infrastructure performance. He checks for problems in existing systems and modifies work processes by following defined procedures, processes and quality standards. He is required to be on standby with on-call availability with varied shifts including nights, weekends and holidays. He works in a team setting and is proficient in infrastructure systems and network-related tools and techniques required by the organisation. He is also familiar with the relevant software platforms on which the database is deployed. The Associate Infrastructure Support Engineer is able to solve issues quickly and effectively as they arise. He is able to methodically identify the cause of the issue, evaluate it and develop a solution in collaboration with the team. He is able to communicate effectively and displays high service level standards.")
,('IT Director',"The IT Director drives the vision and strategy for the IT Operations and Support functions. He/She sets the direction for systems and database administration, day-to-day IT support and operations, data centre operations and system and quality assurance through the delivery of services as per business requirements; controls costs and manages vendors. He is responsible for formulating strategies for service level agreements. He ensures compliance with organisation's quality standards, international standards and government regulations. He is a leader with the energy and commitment to drive large teams toward achieving service level excellence. He is familiar with enterprise architecture frameworks, database administration and systems, and application monitoring tools. The Head of Operations and Support has a broad sense of perspective with the ability to influence key internal and external stakeholders. He is strategic in his approach to managing resources and developing capabilities within the team. He is effective in setting direction aligned to the strategic positioning of the business and the IT functions overall. He is able to impress upon the team the need to continuously improve service levels and increase efficiencies.")
,('Junior Engineer',"The Junior Engineerapplies engineering principles and techniques to optimise the equipment and systems within the manufacturing facility. He/She provides technical guidance and direction for the installation of equipment and systems. He develops plans for the maintenance of equipment and systems, and recommends engineering solutions to troubleshoot faults. The Junior Engineerinnovates equipment and systems, and contributes to manufacturing equipment and systems improvement projects by conducting feasibility assessments and tests on new technologies. He is also expected to manage energy resources and utilities by developing solutions to optimise machine availability and energy efficiency. The Junior Engineermust ensure compliance with Standard Operating Procedures (SOPs), Health, Safety and Environment (HSE) regulations and Current Good Manufacturing Practices (CGMPs) within his purview. He develops guidelines and conducts equipment qualification and validation in line with biopharmaceuticals manufacturing regulatory requirements. 
<br> The Junior Engineer should possess an enquiring and analytical mind and have a knack for investigating issues, analysing multifaceted engineering problems and developing solutions. He must also be a strong team player who can guide and mentor others, and communicate technical advices and solutions to colleagues beyond the team.")
,('L&D Executuve', "The L&D Executive assists in procuring training programmes and documenting learning needs in the 
organisation, maintaining organisations' learning systems and provides administrative support in conducting learning programmes. He/She manages resources and logistics for delivering learning programmes and collects data from learning evaluation surveys to measure learning programmes effectiveness. He supports the conduct of assessments to identify high-potential talent in the organisation, and documents assessment records and succession plans for critical roles identified. He also responds to employee queries that are related to assessments and learning programmes. He is responsible for maintaining exit and retirement records.
<br> The L&D Executive enjoys working in a team environment and interacts proactively with various stakeholders. He is eager to explore and analyse problems, and is able to communicate information in a clear and concise manner to meet others' needs at the workplace.")
,('Ops Planning Exec',"The Operation Planning Executive upports plant operations by coordinating day-to-day production activities, as well as maintenance and turnaround schedules and activities, for production shift teams, so as to meet production plans and schedules.")
,('Sales Director',"The Sales Director determines sales targets, markets and product offering. He/She focuses on revenue target setting accountability, sales strategy and career development of others, liaising with professional staff and other managers on the medium- to long-term sales planning. He develops, communicates and implements the operational strategy, regularly leads important sales initiatives and has ultimate accountability for the sales function. He oversees the preparation and presentation of technical proposals and ensures that the complete plans are feasible within cost, time, and environmental constraints. He drives product differentiation and optimises the use of resources, evaluates partnership effectiveness, and advises on corrective action. He solves complex problems and adopts new perspectives to drive sales. He works in a fast-paced and dynamic environment, and travels to clients' premises for sales pitches and negotiations. He is familiar with client relationship management and sales tools, as well as sales operations and business practices. He knowledgeable of the trends, developments and challenges of the industry domain. The Sales Director is creative and self-motivated, and is dedicated to growing the business. He contributes his expertise to product development and brainstorming of marketing campaigns, as needed. He is a competent decision maker who exhibits flexibility amidst a rapidly changing environment. He strives to train talent and build successful teams.")
,('Sales Manager',"The Sales Manager is responsible for managing the organisation's sales growth. By analysing client segmentation and competitor landscape, he/she develops sales strategies. He supports lead generation, and conducts business and contract negotiations to increase client acquisition and boost retention. 
<br> Innovative and resourceful, he demonstrates initiative in identifying new opportunities both locally and regionally and converting them into actual sales. He builds good rapport with new and existing clients by pro-actively anticipating clients' needs and identifying business solutions to meet those needs. He networks extensively outside of the office to stay in close contact with the key industry stakeholders.")
,('Senior Engineer','The Senior Engineer applies advanced engineering principles and techniques to troubleshoot complex engineering problems encountered within the manufacturing facility and provides expert technical advice to guide the installation and maintenance of equipment and systems. He/She is expected to lead the technical cross-collaboration with the Process Development/Manufacturing Science and Technology (PD/MSAT) department in order to identify appropriate biopharmaceuticals manufacturing equipment and optimise their functionalities. The Senior Engineer leads manufacturing equipment and systems innovation projects by guiding feasibility assessments and tests on new technologies. He is expected to review and approve solutions and initiatives to optimise machine availability while managing energy and utility use. He sets parameters for equipment qualification and validation in line with biopharmaceuticals manufacturing regulatory requirements. The Principal/Engineer must ensure compliance with Standard Operating Procedures (SOPs), Health, Safety and Environment (HSE) regulations and Current Good Manufacturing Practices (CGMPs) within his purview.
<br> The Engineering and Maintenance Principal/Engineer carries the responsibility of the in-house technical expert. He should possess a deep passion for analysing and resolving multifaceted engineering problems and be able to apply advanced critical and analytical thinking skills to deal with immediate situations. He should have a developmental and amiable approach in his interactions working as part of a team while guiding and mentoring others. He must also be able to communicate engineering concepts in a manner that will be understood by others within and beyond the team.')
,('Solutioning Director',"The Solutioning Director defines and articulates the organisation's strategy for securing technical wins with prospective clients. He/She focuses on developing key growth pre-sales strategies, tactics and action plans required to achieve revenue and/or sales targets. He advises the team on developing prototypes to ensure feasibility of solutions, and oversees the delivery of in-depth presentations and product demonstrations to clients. He solves complex problems and evaluates clients needs with different perspectives. He works in a fast-paced and dynamic environment, and travels frequently to clients' premises for technical sales pitches and meetings. He is familiar with client relationship management and sales tools. He possesses deep product and technical knowledge, and is knowledgeable of the trends, developments and challenges of the industry domain. The Pre-Sales Director is target-driven and client centric, and has the ability to foster collaboration between stakeholders. He has a deep understanding of key business industries and knowledge of products and services in the market. He is strongly committed to developing talent and inspires his team members to pursue a common vision.")
,('Support Engineer',"The Support Engineer undertakes complex projects related to system provisioning, installations, configurations as well as monitoring and maintenance of systems. He/She applies highly developed specialist knowledge and skills in systems administration and works toward continuous optimisation of system performance. He implements system improvements and instructs other IT staff in the resolution of most complex issues. He is required to be on standby with on-call availability with varied shifts including nights, weekends and holidays to resolve systems related incidents. He works in a team setting and is proficient in Infrastructure systems and Network related tools and techniques required by the organisation. He is also familiar with the relevant platforms on which the database is deployed on. The Support Team is able to quickly and effectively solve issues as they arise. He is able to methodically identify the cause of the issue, evaluate it and develop a solution in collaboration with the team. He is able to communicate effectively and displays high service level standards.");


DROP TABLE IF EXISTS `skills`;
CREATE TABLE IF NOT EXISTS `skills` (
    skill_name varchar(50) NOT NULL,
    skill_desc varchar(500) NOT NULL,
    CONSTRAINT skills_pkey PRIMARY KEY (skill_name)
)  ENGINE=InnoDB AUTO_INCREMENT=2 DEFAULT CHARSET=utf8;

INSERT INTO skills (skill_name, skill_desc) VALUES
('Account Management','Manage, maintain and grow the sales and relationships with a specific customer or set of accounts. This includes in-depth customer engagement, relationship-building and provision of quality solutions and service to address customers'' needs efficiently and generate revenue.')
,('Accounting and Tax Systems','Implement accounting or tax software systems in the organisation')
,('Accounting Standards','Apply financial reporting framework prescribed by the relevant governing body to ensure all transactions meet regulatory requirements')
,('Applications Development','Develop applications based on the design specifications; encompassing coding, testing, debugging, documenting and reviewing and/or refining it across the application development stages in accordance with defined standards for development and security. The complexity of the application may range from a basic application to a context-aware and/or augmented reality application that incorporates predictive behaviour analytics, geo-spatial capabilities and other appropriate algorithms. The technical skill includes the analysis and possibly the reuse, improvement, reconfiguration, addition or integration of existing and/or new application components.')
,('Applications Integration','Integrate data or functions from one application program with that of another application program - involves development of an integration plan, programming and the identification and utilisation of appropriate middleware to optimise the connectivity and performance of disparate applications across target environments')
,('Applications Support and Enhancement','Provide ongoing technical support and improvements to users of applications. This includes technical guidance and assistance related to the installation and maintenance of applications, fixing and resolution of application problems or disruptions, and response to change requests that will enhance the operations and usage of an application')
,('Audit Compliance','Ensure compliance with corporate policies and guidelines')
,('Audit Frameworks','Develop quality assurance frameworks to meet regulatory requirements')
,('Automated Equipment and Control Configuration','Configure automated equipment and control systems to support biopharmaceuticals and manufacturing processes')
,('Budgeting','Prepare organisational budgets to support short- and long-term business plans through forecasting, allocation and financial policy setting.')
,('Business Acumen','Assess the impact of changes in the business organisation, environment, and industry')
,('Business Development','Develop and implement plans to enhance organisation''s business performance and growth')
,('Business Environment Analysis','Analyse data pertaining to the business landscape and environment, including competitor-analysis, trends and developments in laws and regulations and the impact on the business')
,('Business Needs Analysis','Identify and scope business requirements and priorities through rigorous information gathering and analysis as well as clarification of the solutions, initiatives and programmes to enable effective delivery. This also involves the development of a compelling and defensible business case and the articulation of the potential impact of the solution to the business')
,('Business Negotiation','Conduct negotiations to establish win-win outcomes for the organisation')
,('Business Presentation Delivery','Perform required tasks to prepare and present information in various business settings involving preparation, understanding of audience, delivery and tailoring of messages to be conveyed')
,('Business Requirements Mapping','Map business requirements to existing processes to identify gaps or opportunities for possible solutions and evaluate impact of solutions against requirements to propose adjustments as needed')
,('Business Risk Management','Forecast and assess existing and potential IT risks which impact the operation and/or profitability to the business as well as the development and roll out of company-wide strategies and processes to mitigate risk, minimise their impact or effectively manage such business risks')
,('Call Centre Management','Implement and manage call centre operations to address queries and needs of customers')
,('Collaboration','Manage relationships and work collaboratively and effectively with others to achieve goals')
,('Communication','Convey and exchange thoughts, ideas and information effectively through various mediums and approaches')
,('Configuration Tracking','Track systematically and manage changes and revisions in software projects to ensure that all changes are accounted for and to protect assets against unauthorized change, diversion and inappropriate use')
,('Customer Acquisition Management','Develop customer acquisition strategies as well as foster customer relationships to attract new customers')
,('Customer Relationship Management','Initiate and drive activities to enhance customer relationships and brand loyalty for the organisation')
,('Data Analytics','Apply data extraction and analytic methods to analyse and evaluate financial and non-financial information and provide business intelligence')
,('Database Administration','Perform Installation, coordination and upgrading of databases and database servers, performance monitoring and troubleshooting. This includes monitoring user access to database and optimisation of database performance, planning for backup and recovery, archived data maintenance and reporting')
,('Developing People','Empower others to learn and develop their capabilities to enhance their performance and achieve personal or professional goals')
,('Digital Fluency','Leverage digital technology tools, systems, and software across work processes and activities to solve problems, drive efficiency and facilitate information sharing')
,('Employee Communication Management','Formulate overall employee communication strategies and facilitate conversations to ensure effective and timely dissemination of pertinent information to employees')
,('Employee Engagement Management','Drive employee engagement programmes to facilitate commitment from employees to organisational values, vision and objectives')
,('Finance Business Partnering','Generate finance-related insights to support the business in a strategic manner')
,('Financial Acumen','Exercise financial insight to establish budgets for human resource (HR) activities and monitor HR operations and outcomes against financial plans')
,('Financial Closing','Carry out month-end closing and reconciliation to ensure financial records are maintained properly')
,('Financial Management','Ensure healthy finance to aid business growth and operations')
,('Financial Planning','Evaluate and develop budget in line with organisations strategies and plans')
,('Financial Reporting','Prepare general-purpose financial statements and disclosure notes in accordance with applicable financial reporting framework')
,('Financial Statements Analysis','Analyse financial statements in accordance with the applicable frameworks')
,('Financial Transactions','Prepare business documentation and cash balances')
,('Human Resource Advisory','Deliver human resource (HR) advisory and consultancy services to internal and external clients to meet their requirements')
,('Human Resource Practices Implementation','Implement of human resource (HR) practices by integrating local and international requirements, guidelines and best practices')
,('Human Resource Strategy Formulation','Establish human resource (HR) strategies and priorities that are aligned with current and future business needs')
,('Human Resource Systems Management','Establish and manage effective and efficient human resource (HR) management systems')
,('Infrastructure Deployment','Set up, deploy and decommission infrastructure components and associated equipment in accordance to a set plan and established safety and/or quality procedures. This includes the assessment and preparation of appropriate site locations, infrastructure, the development of an installation plan, layout at the site, the testing of on-site systems, infrastructure components, equipment and the correction of issues and/or malfunctions')
,('Infrastructure Support','Provide services to end users by systematically identifying, classifying and troubleshooting technical issues and incidents that disrupt and impact their day-to-day business activities, within a specified timeframe. This also includes implementing an end-to-end problem management process to analyse underlying problems, advising on infrastructure related upgrades and improvements and developing user guides and training materials')
,('Learning and Development Programme Management','Establish and implement learning and development programmes and channels to facilitate employees'' growth and capability building')
,('Learning Needs Analysis','Identify the learning needs of the learners'' workplace, department or division in accordance to the Learning Needs Analysis Framework')
,('Network Administration and Maintenance','Monitor network in order to provide for optimum levels of network performance and minimisation of downtime. This includes detection, isolation, recovery and limitation of the impact of failures on the network as well as provision of support to system users through ongoing maintenance information sharing and training')
,('Onboarding','Facilitate onboarding programmes to enable the integration and engagement of new hires into the organisation')
,('Organisational Design','Develop and facilitate the implementation of organisational design to ensure its effectiveness and alignment with stakeholders'' priorities')
,('People and Performance Management','Establish and implement performance management and remuneration strategies in the organisation to drive business results')
,('Pricing Strategy','Analyse product, organisational and market factors, trends, pricing scenarios and valuation models to develop effective pricing strategies for products and solutions')
,('Problem Management','Manage the lifecycle of problems to prevent problems and incidents from occurring, eliminate recurring incidents and minimise impact of unavoidable incidents')
,('Problem Solving','Generate effective and efficient solutions to solve problems and capitalise on new opportunities')
,('Product Management','Create and manage a product roadmap, involving the ideating, planning, forecasting, marketing and management of a product or a suite of products throughout stages of its lifecycle, from its conceptualisation to market entrance and eventual phasing-out. This includes the creation of a new product idea or concept and definition of the product strategy based on a projection of its potential benefits to the customer as well as the review of product performance against milestones and targets set')
,('Professional and Business Ethics','Foster strong ethical standards and resolve ethical conflicts in accordance with the relevant principles and processes')
,('Project Management','Execute projects by managing stakeholder engagement, resources, budgets and resolving problems')
,('Regulatory Compliance','Comply with policies, procedures, and external regulations')
,('Regulatory Risk Assessment','Analyse the impact of latest global regulatory developments and relevant laws on overall audit and/or engagement strategies')
,('Regulatory Strategy','Align regulatory activities with business strategies')
,('Sales Closure','Perform numerical calculations and execute selling strategies to complete sales of products and services to the satisfaction of customers')
,('Sales Strategy','Develop a sales strategy, plan and targets, considering market potential, industry trends and various internal and external business factors as well as the evaluation and further refinement of the sales strategy')
,('Security Administration','Administer, configure and update of security programmes and mechanisms, including the application of system patches to ensure that enterprise assets are adequately protected against threats. This also includes the authorisation, management and monitoring of access control permissions and/or rights to various IT facilities')
,('Sense Making','Leverage sources of qualitative and quantitative information and data to recognise patterns, spot opportunities, infer insights and inform decisions')
,('Service Level Management','Plan, monitor and manage service provisions for the achievement of agreed service level targets')
,('Skills Framework Adoption','Drive the adoption, integration and implementation of Skills Frameworks and their components in business and human resources activities throughout the organisation')
,('Software Configuration','Configure software products, analytics and modelling solutions, and apply and/or modify scripts and automation tools to integrate and deploy releases to various platforms and operating environments')
,('Software Design','Create and refine the overall plan for the design of software, including the design of functional specifications starting from the defined business requirements as well as the consideration and incorporation of various controls, functionality and interoperability of different elements into a design blueprint or model which describes the overall architecture in hardware, software, databases, and third party frameworks that the software will use or interact with')
,('Software Testing','Assess and test the overall effectiveness and performance of an application, involving the setting up of suitable testing conditions, definition of test cases and/or technical criteria')
,('Solution Architecture','Design or refine a solution blueprint or structure to guide the development of IT solutions in hardware, software, processes or related components, to meet current and future business needs. The solution architecture developed may lead to broad or specific changes to IT services, operating models and processes, and should provide a framework to guide the development and modification of solutions')
,('Solutions Design Thinking','Solutions Design Thinking')
,('SOP Development and Implementation','Develop Standard Operating Procedures (SOPs) and implement procedures to ensure that process operational tasks for all modes of plant operation are performed correctly and consistently in accordance with regulatory and organisational objectives')
,('Stakeholder Management','Manage stakeholder expectations to ensure continuous levels of engagement by identifying and addressing needs, setting service standards and resolving issues in accordance with organisational procedures')
,('Strategy Planning','Develop organisational strategies and policies by analysing the impact of internal and external influencing factors and seeking consultation from relevant stakeholders.')
,('System Integration','Develop and implement a roadmap and specific integration solutions to facilitate integration of various ICT components and optimise inter-operability of systems and their interfaces. This includes the integration of various architectural components such as networks, servers, system platforms and their interfaces')
,('Talent Management','Drive talent management strategies and programmes to identify, develop, review and retain talent to meet the current and future organisational needs')
,('Tax Computation','Compute Goods and Services Tax, and tax liabilities')
,('Tax Implications','Assess tax implication of changes in tax laws')
,('Technology Application','Integrate technologies into operations of the organisation to optimise efficiency and effectiveness of processes')
,('Technology Integration','Integrate new and emerging technology products, services and developments to enhance human resource (HR) operations and service delivery')
,('Technology Road Mapping','Plan short-term and long-term goals with specific technology solutions to help meet those goals in order to make capital out of future market needs')
,('User Interface Design','Design user interfaces for machines and software, incorporating visual, technical and functional elements that facilitate ease of access, understanding and usage. This would involve adding, removing, modifying or enhancing elements to make the user''s interaction with the product as seamless as possible');


DROP TABLE IF EXISTS `role_skill`;
CREATE TABLE IF NOT EXISTS `role_skill` (
    role_name varchar(50) NOT NULL,
    skill_name varchar(50) NOT NULL,
    CONSTRAINT role_skill_pkey PRIMARY KEY (role_name, skill_name),
    CONSTRAINT role_skill_fk1 FOREIGN KEY (role_name) REFERENCES role(role_name) ON DELETE CASCADE,
    CONSTRAINT role_skill_fk2 FOREIGN KEY (skill_name) REFERENCES skills(skill_name) ON DELETE CASCADE
)  ENGINE=InnoDB AUTO_INCREMENT=2 DEFAULT CHARSET=utf8;

INSERT INTO role_skill (role_name, skill_name) VALUES
('Account Manager','Account Management')
,('Consultancy Director','Account Management')
,('Consultant','Account Management')
,('Sales Director','Account Management')
,('Solutioning Director','Account Management')
,('Finance  Executive','Accounting and Tax Systems')
,('Finance Director','Accounting and Tax Systems')
,('Finance Manager','Accounting and Tax Systems')
,('Finance  Executive','Accounting Standards')
,('Finance Manager','Accounting Standards')
,('Developer','Applications Development')
,('Developer','Applications Integration')
,('Developer','Applications Support and Enhancement')
,('Finance  Executive','Audit Compliance')
,('Finance Director','Audit Compliance')
,('Finance Manager','Audit Compliance')
,('Finance Manager','Audit Frameworks')
,('Senior Engineer','Automated Equipment and Control Configuration')
,('Account Manager','Budgeting')
,('Consultancy Director','Budgeting')
,('Engineering Director','Budgeting')
,('Sales Director','Budgeting')
,('Sales Manager','Budgeting')
,('Solutioning Director','Budgeting')
,('Finance Manager','Business Acumen')
,('HR Director','Business Acumen')
,('IT Director','Business Acumen')
,('Account Manager','Business Development')
,('Consultancy Director','Business Development')
,('Consultant','Business Development')
,('Sales Director','Business Development')
,('Solutioning Director','Business Development')
,('Developer','Business Environment Analysis')
,('Account Manager','Business Needs Analysis')
,('Consultancy Director','Business Needs Analysis')
,('Consultant','Business Needs Analysis')
,('Developer','Business Needs Analysis')
,('IT Analyst','Business Needs Analysis')
,('Sales Director','Business Needs Analysis')
,('Solutioning Director','Business Needs Analysis')
,('Support Engineer','Business Needs Analysis')
,('Account Manager','Business Negotiation')
,('Sales Director','Business Negotiation')
,('Sales Manager','Business Negotiation')
,('Sales Manager','Business Presentation Delivery')
,('Developer','Business Requirements Mapping')
,('Developer','Business Risk Management')
,('Call Centre','Call Centre Management')
,('Account Manager','Collaboration')
,('Admin Executive','Collaboration')
,('Call Centre','Collaboration')
,('Consultant','Collaboration')
,('Developer','Collaboration')
,('Finance  Executive','Collaboration')
,('Finance Manager','Collaboration')
,('HR Executive','Collaboration')
,('IT Analyst','Collaboration')
,('Junior Engineer','Collaboration')
,('L&D Executuve','Collaboration')
,('Ops Planning Exec','Collaboration')
,('Sales Director','Collaboration')
,('Sales Manager','Collaboration')
,('Senior Engineer','Collaboration')
,('Support Engineer','Collaboration')
,('Account Manager','Communication')
,('Admin Executive','Communication')
,('Call Centre','Communication')
,('Consultancy Director','Communication')
,('Consultant','Communication')
,('Developer','Communication')
,('Engineering Director','Communication')
,('Finance  Executive','Communication')
,('Finance Director','Communication')
,('Finance Manager','Communication')
,('HR Director','Communication')
,('HR Executive','Communication')
,('IT Analyst','Communication')
,('IT Director','Communication')
,('Junior Engineer','Communication')
,('L&D Executuve','Communication')
,('Ops Planning Exec','Communication')
,('Sales Director','Communication')
,('Sales Manager','Communication')
,('Senior Engineer','Communication')
,('Solutioning Director','Communication')
,('Support Engineer','Communication')
,('Developer','Configuration Tracking')
,('Support Engineer','Configuration Tracking')
,('Sales Manager','Customer Acquisition Management')
,('Admin Executive','Customer Relationship Management')
,('Call Centre','Customer Relationship Management')
,('Sales Manager','Customer Relationship Management')
,('Account Manager','Data Analytics')
,('Consultancy Director','Data Analytics')
,('Consultant','Data Analytics')
,('Finance  Executive','Data Analytics')
,('Finance Director','Data Analytics')
,('Finance Manager','Data Analytics')
,('Sales Director','Data Analytics')
,('Solutioning Director','Data Analytics')
,('Developer','Database Administration')
,('HR Director','Developing People')
,('Call Centre','Digital Fluency')
,('HR Executive','Digital Fluency')
,('HR Director','Employee Communication Management')
,('HR Executive','Employee Communication Management')
,('L&D Executuve','Employee Communication Management')
,('HR Executive','Employee Engagement Management')
,('Finance Director','Finance Business Partnering')
,('Finance Manager','Finance Business Partnering')
,('HR Director','Financial Acumen')
,('IT Director','Financial Acumen')
,('Finance  Executive','Financial Closing')
,('Finance  Executive','Financial Management')
,('Finance Director','Financial Management')
,('Finance Manager','Financial Management')
,('Finance Director','Financial Planning')
,('Finance Manager','Financial Planning')
,('Finance  Executive','Financial Reporting')
,('Finance Director','Financial Reporting')
,('Finance Manager','Financial Reporting')
,('Finance Manager','Financial Statements Analysis')
,('Finance  Executive','Financial Transactions')
,('HR Director','Human Resource Advisory')
,('IT Director','Human Resource Advisory')
,('HR Director','Human Resource Practices Implementation')
,('HR Executive','Human Resource Practices Implementation')
,('L&D Executuve','Human Resource Practices Implementation')
,('HR Director','Human Resource Strategy Formulation')
,('IT Director','Human Resource Strategy Formulation')
,('HR Executive','Human Resource Systems Management')
,('IT Director','Human Resource Systems Management')
,('L&D Executuve','Human Resource Systems Management')
,('IT Analyst','Infrastructure Deployment')
,('IT Analyst','Infrastructure Support')
,('Support Engineer','Infrastructure Support')
,('L&D Executuve','Learning and Development Programme Management')
,('L&D Executuve','Learning Needs Analysis')
,('IT Analyst','Network Administration and Maintenance')
,('Support Engineer','Network Administration and Maintenance')
,('HR Executive','Onboarding')
,('HR Director','Organisational Design')
,('Consultancy Director','People and Performance Management')
,('Sales Director','People and Performance Management')
,('Solutioning Director','People and Performance Management')
,('Support Engineer','People and Performance Management')
,('Account Manager','Pricing Strategy')
,('Sales Director','Pricing Strategy')
,('Consultancy Director','Problem Management')
,('Consultant','Problem Management')
,('Developer','Problem Management')
,('Solutioning Director','Problem Management')
,('Support Engineer','Problem Management')
,('Account Manager','Problem Solving')
,('Admin Executive','Problem Solving')
,('Call Centre','Problem Solving')
,('Consultancy Director','Problem Solving')
,('Consultant','Problem Solving')
,('Developer','Problem Solving')
,('Engineering Director','Problem Solving')
,('Finance  Executive','Problem Solving')
,('IT Analyst','Problem Solving')
,('Junior Engineer','Problem Solving')
,('L&D Executuve','Problem Solving')
,('Ops Planning Exec','Problem Solving')
,('Sales Director','Problem Solving')
,('Sales Manager','Problem Solving')
,('Senior Engineer','Problem Solving')
,('Solutioning Director','Problem Solving')
,('Support Engineer','Problem Solving')
,('Account Manager','Product Management')
,('Consultancy Director','Product Management')
,('Consultant','Product Management')
,('Developer','Product Management')
,('Sales Director','Product Management')
,('Solutioning Director','Product Management')
,('Finance  Executive','Professional and Business Ethics')
,('Finance Director','Professional and Business Ethics')
,('Finance Manager','Professional and Business Ethics')
,('Consultancy Director','Project Management')
,('Consultant','Project Management')
,('Developer','Project Management')
,('Finance  Executive','Project Management')
,('Finance Manager','Project Management')
,('HR Director','Project Management')
,('IT Analyst','Project Management')
,('IT Director','Project Management')
,('Ops Planning Exec','Project Management')
,('Sales Director','Project Management')
,('Solutioning Director','Project Management')
,('Support Engineer','Project Management')
,('Finance Manager','Regulatory Compliance')
,('Finance Manager','Regulatory Risk Assessment')
,('Finance Director','Regulatory Strategy')
,('Sales Manager','Sales Closure')
,('Account Manager','Sales Strategy')
,('Consultancy Director','Sales Strategy')
,('Sales Director','Sales Strategy')
,('Solutioning Director','Sales Strategy')
,('Support Engineer','Security Administration')
,('Finance  Executive','Sense Making')
,('Junior Engineer','Sense Making')
,('IT Analyst','Service Level Management')
,('Support Engineer','Service Level Management')
,('HR Director','Skills Framework Adoption')
,('HR Executive','Skills Framework Adoption')
,('IT Director','Skills Framework Adoption')
,('L&D Executuve','Skills Framework Adoption')
,('Developer','Software Configuration')
,('Developer','Software Design')
,('Developer','Software Testing')
,('Developer','Solution Architecture')
,('Admin Executive','Solutions Design Thinking')
,('Ops Planning Exec','SOP Development and Implementation')
,('Account Manager','Stakeholder Management')
,('Admin Executive','Stakeholder Management')
,('Call Centre','Stakeholder Management')
,('Consultancy Director','Stakeholder Management')
,('Consultant','Stakeholder Management')
,('Developer','Stakeholder Management')
,('Engineering Director','Stakeholder Management')
,('Finance Director','Stakeholder Management')
,('Finance Manager','Stakeholder Management')
,('IT Analyst','Stakeholder Management')
,('Sales Director','Stakeholder Management')
,('Sales Manager','Stakeholder Management')
,('Solutioning Director','Stakeholder Management')
,('Support Engineer','Stakeholder Management')
,('Consultancy Director','Strategy Planning')
,('Sales Director','Strategy Planning')
,('Sales Manager','Strategy Planning')
,('Solutioning Director','Strategy Planning')
,('Developer','System Integration')
,('Support Engineer','System Integration')
,('HR Director','Talent Management')
,('Finance  Executive','Tax Computation')
,('Finance  Executive','Tax Implications')
,('Finance Director','Tax Implications')
,('Finance Manager','Tax Implications')
,('Call Centre','Technology Application')
,('Admin Executive','Technology Integration')
,('HR Director','Technology Integration')
,('IT Director','Technology Integration')
,('Sales Manager','Technology Integration')
,('Engineering Director','Technology Road Mapping')
,('Developer','User Interface Design');

DROP TABLE IF EXISTS `staff_skill`;
CREATE TABLE IF NOT EXISTS `staff_skill` (
    staff_id integer NOT NULL,
    skill_name varchar(50) NOT NULL,
    CONSTRAINT staff_skill_pkey PRIMARY KEY (staff_id, skill_name),
    CONSTRAINT staff_skill_fk1 FOREIGN KEY (skill_name) REFERENCES skills(skill_name) ON DELETE CASCADE,
    CONSTRAINT staff_skill_fk2 FOREIGN KEY (staff_id) REFERENCES staff(staff_id) ON DELETE CASCADE
)  ENGINE=InnoDB AUTO_INCREMENT=2 DEFAULT CHARSET=utf8;

INSERT INTO staff_skill (staff_id, skill_name) VALUES
 ('140001','Account Management')
,('140004','Account Management')
,('140736','Account Management')
,('140880','Account Management')
,('140893','Account Management')
,('140898','Account Management')
,('140917','Account Management')
,('140923','Account Management')
,('140938','Account Management')
,('140942','Account Management')
,('150118','Account Management')
,('150796','Account Management')
,('151118','Account Management')
,('151494','Account Management')
,('151603','Account Management')
,('160282','Account Management')
,('160298','Account Management')
,('170238','Account Management')
,('171038','Account Management')
,('180010','Account Management')
,('180025','Account Management')
,('180029','Account Management')
,('190005','Account Management')
,('190009','Account Management')
,('190025','Account Management')
,('190028','Account Management')
,('190041','Account Management')
,('190044','Account Management')
,('190056','Account Management')
,('190059','Account Management')
,('190077','Account Management')
,('190093','Account Management')
,('190096','Account Management')
,('210020','Account Management')
,('210023','Account Management')
,('210034','Account Management')
,('210037','Account Management')
,('140002','Accounting and Tax Systems')
,('140878','Accounting and Tax Systems')
,('140894','Accounting and Tax Systems')
,('140918','Accounting and Tax Systems')
,('140940','Accounting and Tax Systems')
,('150615','Accounting and Tax Systems')
,('150916','Accounting and Tax Systems')
,('151482','Accounting and Tax Systems')
,('151499','Accounting and Tax Systems')
,('151590','Accounting and Tax Systems')
,('160135','Accounting and Tax Systems')
,('170245','Accounting and Tax Systems')
,('171008','Accounting and Tax Systems')
,('171022','Accounting and Tax Systems')
,('171026','Accounting and Tax Systems')
,('171039','Accounting and Tax Systems')
,('171043','Accounting and Tax Systems')
,('180011','Accounting and Tax Systems')
,('180026','Accounting and Tax Systems')
,('180030','Accounting and Tax Systems')
,('190006','Accounting and Tax Systems')
,('190026','Accounting and Tax Systems')
,('190094','Accounting and Tax Systems')
,('210021','Accounting and Tax Systems')
,('140003','Accounting Standards')
,('140879','Accounting Standards')
,('140895','Accounting Standards')
,('140919','Accounting Standards')
,('160142','Accounting Standards')
,('160284','Accounting Standards')
,('170655','Accounting Standards')
,('171009','Accounting Standards')
,('171023','Accounting Standards')
,('171027','Accounting Standards')
,('171041','Accounting Standards')
,('171044','Accounting Standards')
,('180012','Accounting Standards')
,('180027','Accounting Standards')
,('180032','Accounting Standards')
,('140004','Applications Development')
,('140880','Applications Development')
,('140898','Applications Development')
,('140923','Applications Development')
,('140942','Applications Development')
,('150138','Applications Development')
,('150205','Applications Development')
,('150288','Applications Development')
,('150342','Applications Development')
,('150445','Applications Development')
,('150512','Applications Development')
,('150633','Applications Development')
,('150866','Applications Development')
,('151266','Applications Development')
,('151425','Applications Development')
,('151443','Applications Development')
,('151447','Applications Development')
,('151466','Applications Development')
,('151469','Applications Development')
,('151484','Applications Development')
,('151498','Applications Development')
,('151515','Applications Development')
,('151534','Applications Development')
,('151550','Applications Development')
,('151559','Applications Development')
,('151574','Applications Development')
,('151578','Applications Development')
,('151607','Applications Development')
,('160304','Applications Development')
,('160326','Applications Development')
,('170866','Applications Development')
,('171024','Applications Development')
,('171042','Applications Development')
,('180013','Applications Development')
,('180029','Applications Development')
,('180033','Applications Development')
,('190009','Applications Development')
,('190015','Applications Development')
,('190028','Applications Development')
,('190031','Applications Development')
,('190044','Applications Development')
,('190047','Applications Development')
,('190059','Applications Development')
,('190066','Applications Development')
,('190080','Applications Development')
,('190096','Applications Development')
,('210023','Applications Development')
,('210026','Applications Development')
,('210037','Applications Development')
,('210040','Applications Development')
,('140008','Applications Integration')
,('140881','Applications Integration')
,('140900','Applications Integration')
,('140924','Applications Integration')
,('140944','Applications Integration')
,('150065','Applications Integration')
,('150142','Applications Integration')
,('150155','Applications Integration')
,('150208','Applications Integration')
,('150295','Applications Integration')
,('150446','Applications Integration')
,('150638','Applications Integration')
,('150916','Applications Integration')
,('150938','Applications Integration')
,('151288','Applications Integration')
,('151411','Applications Integration')
,('151426','Applications Integration')
,('151444','Applications Integration')
,('151467','Applications Integration')
,('151485','Applications Integration')
,('151499','Applications Integration')
,('151503','Applications Integration')
,('151517','Applications Integration')
,('151520','Applications Integration')
,('151535','Applications Integration')
,('151556','Applications Integration')
,('151575','Applications Integration')
,('151595','Applications Integration')
,('151608','Applications Integration')
,('151611','Applications Integration')
,('180014','Applications Integration')
,('180030','Applications Integration')
,('180034','Applications Integration')
,('190010','Applications Integration')
,('190016','Applications Integration')
,('190029','Applications Integration')
,('190032','Applications Integration')
,('190045','Applications Integration')
,('190048','Applications Integration')
,('190064','Applications Integration')
,('190067','Applications Integration')
,('190082','Applications Integration')
,('190097','Applications Integration')
,('210024','Applications Integration')
,('210027','Applications Integration')
,('210038','Applications Integration')
,('210041','Applications Integration')
,('140015','Applications Support and Enhancement')
,('140078','Applications Support and Enhancement')
,('140882','Applications Support and Enhancement')
,('140887','Applications Support and Enhancement')
,('140901','Applications Support and Enhancement')
,('140905','Applications Support and Enhancement')
,('140925','Applications Support and Enhancement')
,('140928','Applications Support and Enhancement')
,('140945','Applications Support and Enhancement')
,('150075','Applications Support and Enhancement')
,('150143','Applications Support and Enhancement')
,('150162','Applications Support and Enhancement')
,('150215','Applications Support and Enhancement')
,('150233','Applications Support and Enhancement')
,('150318','Applications Support and Enhancement')
,('150488','Applications Support and Enhancement')
,('150645','Applications Support and Enhancement')
,('150918','Applications Support and Enhancement')
,('150968','Applications Support and Enhancement')
,('151407','Applications Support and Enhancement')
,('151412','Applications Support and Enhancement')
,('151427','Applications Support and Enhancement')
,('151431','Applications Support and Enhancement')
,('151446','Applications Support and Enhancement')
,('151468','Applications Support and Enhancement')
,('151487','Applications Support and Enhancement')
,('151500','Applications Support and Enhancement')
,('151505','Applications Support and Enhancement')
,('151518','Applications Support and Enhancement')
,('151521','Applications Support and Enhancement')
,('151536','Applications Support and Enhancement')
,('151558','Applications Support and Enhancement')
,('151576','Applications Support and Enhancement')
,('151596','Applications Support and Enhancement')
,('151609','Applications Support and Enhancement')
,('151612','Applications Support and Enhancement')
,('180001','Applications Support and Enhancement')
,('180015','Applications Support and Enhancement')
,('180032','Applications Support and Enhancement')
,('180036','Applications Support and Enhancement')
,('190014','Applications Support and Enhancement')
,('190017','Applications Support and Enhancement')
,('190030','Applications Support and Enhancement')
,('190033','Applications Support and Enhancement')
,('190046','Applications Support and Enhancement')
,('190049','Applications Support and Enhancement')
,('190065','Applications Support and Enhancement')
,('190068','Applications Support and Enhancement')
,('190086','Applications Support and Enhancement')
,('190098','Applications Support and Enhancement')
,('210025','Applications Support and Enhancement')
,('210028','Applications Support and Enhancement')
,('210039','Applications Support and Enhancement')
,('210042','Applications Support and Enhancement')
,('150525','Audit Compliance')
,('151472','Audit Compliance')
,('151581','Audit Compliance')
,('160148','Audit Compliance')
,('170208','Audit Compliance')
,('171010','Audit Compliance')
,('171013','Audit Compliance')
,('171029','Audit Compliance')
,('171032','Audit Compliance')
,('171045','Audit Compliance')
,('171048','Audit Compliance')
,('180002','Audit Compliance')
,('180019','Audit Compliance')
,('180033','Audit Compliance')
,('180037','Audit Compliance')
,('190015','Audit Compliance')
,('190031','Audit Compliance')
,('210029','Audit Compliance')
,('210043','Audit Compliance')
,('151476','Audit Frameworks')
,('151582','Audit Frameworks')
,('160155','Audit Frameworks')
,('170215','Audit Frameworks')
,('171011','Audit Frameworks')
,('171014','Audit Frameworks')
,('171030','Audit Frameworks')
,('171033','Audit Frameworks')
,('171046','Audit Frameworks')
,('180020','Audit Frameworks')
,('180034','Audit Frameworks')
,('210030','Audit Frameworks')
,('210044','Audit Frameworks')
,('140102','Budgeting')
,('140115','Budgeting')
,('140888','Budgeting')
,('140908','Budgeting')
,('140929','Budgeting')
,('150076','Budgeting')
,('150976','Budgeting')
,('151506','Budgeting')
,('160212','Budgeting')
,('170232','Budgeting')
,('171013','Budgeting')
,('171016','Budgeting')
,('171032','Budgeting')
,('171035','Budgeting')
,('171048','Budgeting')
,('180002','Budgeting')
,('180005','Budgeting')
,('180022','Budgeting')
,('180037','Budgeting')
,('190075','Budgeting')
,('210032','Budgeting')
,('140103','Business Acumen')
,('140525','Business Acumen')
,('140889','Business Acumen')
,('140892','Business Acumen')
,('140909','Business Acumen')
,('140912','Business Acumen')
,('140933','Business Acumen')
,('140937','Business Acumen')
,('150085','Business Acumen')
,('150165','Business Acumen')
,('150245','Business Acumen')
,('151008','Business Acumen')
,('151414','Business Acumen')
,('151433','Business Acumen')
,('151507','Business Acumen')
,('151524','Business Acumen')
,('160008','Business Acumen')
,('160076','Business Acumen')
,('160213','Business Acumen')
,('160258','Business Acumen')
,('160294','Business Acumen')
,('160297','Business Acumen')
,('160308','Business Acumen')
,('160315','Business Acumen')
,('160331','Business Acumen')
,('160334','Business Acumen')
,('170233','Business Acumen')
,('171014','Business Acumen')
,('171017','Business Acumen')
,('171033','Business Acumen')
,('171036','Business Acumen')
,('180003','Business Acumen')
,('180006','Business Acumen')
,('180023','Business Acumen')
,('180038','Business Acumen')
,('190004','Business Acumen')
,('190019','Business Acumen')
,('190024','Business Acumen')
,('190036','Business Acumen')
,('190040','Business Acumen')
,('190051','Business Acumen')
,('190055','Business Acumen')
,('190070','Business Acumen')
,('190076','Business Acumen')
,('190092','Business Acumen')
,('210001','Business Acumen')
,('210019','Business Acumen')
,('210030','Business Acumen')
,('210033','Business Acumen')
,('210044','Business Acumen')
,('140001','Business Development')
,('140108','Business Development')
,('140736','Business Development')
,('140890','Business Development')
,('140893','Business Development')
,('140910','Business Development')
,('140917','Business Development')
,('140934','Business Development')
,('140938','Business Development')
,('150008','Business Development')
,('150095','Business Development')
,('150166','Business Development')
,('150258','Business Development')
,('150356','Business Development')
,('150565','Business Development')
,('151055','Business Development')
,('151415','Business Development')
,('151435','Business Development')
,('151456','Business Development')
,('151508','Business Development')
,('151525','Business Development')
,('151544','Business Development')
,('151564','Business Development')
,('160118','Business Development')
,('160282','Business Development')
,('180004','Business Development')
,('180010','Business Development')
,('180025','Business Development')
,('190005','Business Development')
,('190021','Business Development')
,('190037','Business Development')
,('190052','Business Development')
,('190074','Business Development')
,('190093','Business Development')
,('210034','Business Development')
,('140002','Business Environment Analysis')
,('140115','Business Environment Analysis')
,('140878','Business Environment Analysis')
,('140891','Business Environment Analysis')
,('140894','Business Environment Analysis')
,('140911','Business Environment Analysis')
,('140918','Business Environment Analysis')
,('140935','Business Environment Analysis')
,('140940','Business Environment Analysis')
,('150096','Business Environment Analysis')
,('150125','Business Environment Analysis')
,('150168','Business Environment Analysis')
,('150193','Business Environment Analysis')
,('150265','Business Environment Analysis')
,('150398','Business Environment Analysis')
,('150566','Business Environment Analysis')
,('150826','Business Environment Analysis')
,('151056','Business Environment Analysis')
,('151146','Business Environment Analysis')
,('151416','Business Environment Analysis')
,('151419','Business Environment Analysis')
,('151436','Business Environment Analysis')
,('151457','Business Environment Analysis')
,('151479','Business Environment Analysis')
,('151495','Business Environment Analysis')
,('151509','Business Environment Analysis')
,('151513','Business Environment Analysis')
,('151526','Business Environment Analysis')
,('151545','Business Environment Analysis')
,('151567','Business Environment Analysis')
,('151584','Business Environment Analysis')
,('151605','Business Environment Analysis')
,('160296','Business Environment Analysis')
,('160314','Business Environment Analysis')
,('160333','Business Environment Analysis')
,('180005','Business Environment Analysis')
,('180011','Business Environment Analysis')
,('180026','Business Environment Analysis')
,('190003','Business Environment Analysis')
,('190006','Business Environment Analysis')
,('190022','Business Environment Analysis')
,('190026','Business Environment Analysis')
,('190038','Business Environment Analysis')
,('190042','Business Environment Analysis')
,('190054','Business Environment Analysis')
,('190057','Business Environment Analysis')
,('190075','Business Environment Analysis')
,('190078','Business Environment Analysis')
,('190094','Business Environment Analysis')
,('210018','Business Environment Analysis')
,('210021','Business Environment Analysis')
,('210032','Business Environment Analysis')
,('210035','Business Environment Analysis')
,('140525','Business Needs Analysis')
,('140892','Business Needs Analysis')
,('140912','Business Needs Analysis')
,('140937','Business Needs Analysis')
,('150115','Business Needs Analysis')
,('150126','Business Needs Analysis')
,('150175','Business Needs Analysis')
,('150198','Business Needs Analysis')
,('150275','Business Needs Analysis')
,('150283','Business Needs Analysis')
,('150422','Business Needs Analysis')
,('150435','Business Needs Analysis')
,('150585','Business Needs Analysis')
,('150632','Business Needs Analysis')
,('150845','Business Needs Analysis')
,('151058','Business Needs Analysis')
,('151198','Business Needs Analysis')
,('151417','Business Needs Analysis')
,('151420','Business Needs Analysis')
,('151438','Business Needs Analysis')
,('151441','Business Needs Analysis')
,('151458','Business Needs Analysis')
,('151465','Business Needs Analysis')
,('151480','Business Needs Analysis')
,('151483','Business Needs Analysis')
,('151496','Business Needs Analysis')
,('151510','Business Needs Analysis')
,('151514','Business Needs Analysis')
,('151527','Business Needs Analysis')
,('151533','Business Needs Analysis')
,('151546','Business Needs Analysis')
,('151549','Business Needs Analysis')
,('151568','Business Needs Analysis')
,('151573','Business Needs Analysis')
,('151585','Business Needs Analysis')
,('151591','Business Needs Analysis')
,('151606','Business Needs Analysis')
,('180006','Business Needs Analysis')
,('180012','Business Needs Analysis')
,('180027','Business Needs Analysis')
,('190004','Business Needs Analysis')
,('190008','Business Needs Analysis')
,('190024','Business Needs Analysis')
,('190027','Business Needs Analysis')
,('190040','Business Needs Analysis')
,('190043','Business Needs Analysis')
,('190055','Business Needs Analysis')
,('190058','Business Needs Analysis')
,('190076','Business Needs Analysis')
,('190079','Business Needs Analysis')
,('190095','Business Needs Analysis')
,('210019','Business Needs Analysis')
,('210022','Business Needs Analysis')
,('210033','Business Needs Analysis')
,('210036','Business Needs Analysis')
,('140004','Business Negotiation')
,('140736','Business Negotiation')
,('140880','Business Negotiation')
,('140893','Business Negotiation')
,('140898','Business Negotiation')
,('140917','Business Negotiation')
,('140923','Business Negotiation')
,('140938','Business Negotiation')
,('140942','Business Negotiation')
,('150118','Business Negotiation')
,('160118','Business Negotiation')
,('170866','Business Negotiation')
,('171018','Business Negotiation')
,('171024','Business Negotiation')
,('171038','Business Negotiation')
,('171042','Business Negotiation')
,('180010','Business Negotiation')
,('180013','Business Negotiation')
,('180029','Business Negotiation')
,('190005','Business Negotiation')
,('190025','Business Negotiation')
,('190041','Business Negotiation')
,('190056','Business Negotiation')
,('210037','Business Negotiation')
,('140008','Business Presentation Delivery')
,('140878','Business Presentation Delivery')
,('140881','Business Presentation Delivery')
,('140894','Business Presentation Delivery')
,('140900','Business Presentation Delivery')
,('140918','Business Presentation Delivery')
,('140924','Business Presentation Delivery')
,('140940','Business Presentation Delivery')
,('140944','Business Presentation Delivery')
,('150125','Business Presentation Delivery')
,('150193','Business Presentation Delivery')
,('150282','Business Presentation Delivery')
,('151146','Business Presentation Delivery')
,('151419','Business Presentation Delivery')
,('151440','Business Presentation Delivery')
,('151513','Business Presentation Delivery')
,('151531','Business Presentation Delivery')
,('151548','Business Presentation Delivery')
,('160135','Business Presentation Delivery')
,('160283','Business Presentation Delivery')
,('160299','Business Presentation Delivery')
,('171008','Business Presentation Delivery')
,('171026','Business Presentation Delivery')
,('171043','Business Presentation Delivery')
,('180011','Business Presentation Delivery')
,('180014','Business Presentation Delivery')
,('180030','Business Presentation Delivery')
,('190006','Business Presentation Delivery')
,('190010','Business Presentation Delivery')
,('190026','Business Presentation Delivery')
,('190029','Business Presentation Delivery')
,('190042','Business Presentation Delivery')
,('190045','Business Presentation Delivery')
,('190057','Business Presentation Delivery')
,('190064','Business Presentation Delivery')
,('190078','Business Presentation Delivery')
,('190082','Business Presentation Delivery')
,('190097','Business Presentation Delivery')
,('210024','Business Presentation Delivery')
,('210035','Business Presentation Delivery')
,('210038','Business Presentation Delivery')
,('140879','Business Requirements Mapping')
,('150126','Business Requirements Mapping')
,('150143','Business Requirements Mapping')
,('150198','Business Requirements Mapping')
,('150283','Business Requirements Mapping')
,('150435','Business Requirements Mapping')
,('150632','Business Requirements Mapping')
,('150918','Business Requirements Mapping')
,('151198','Business Requirements Mapping')
,('151407','Business Requirements Mapping')
,('151420','Business Requirements Mapping')
,('151441','Business Requirements Mapping')
,('151465','Business Requirements Mapping')
,('151483','Business Requirements Mapping')
,('151500','Business Requirements Mapping')
,('151514','Business Requirements Mapping')
,('151533','Business Requirements Mapping')
,('151549','Business Requirements Mapping')
,('151573','Business Requirements Mapping')
,('151591','Business Requirements Mapping')
,('151609','Business Requirements Mapping')
,('171009','Business Requirements Mapping')
,('171023','Business Requirements Mapping')
,('171027','Business Requirements Mapping')
,('171041','Business Requirements Mapping')
,('180012','Business Requirements Mapping')
,('180015','Business Requirements Mapping')
,('180032','Business Requirements Mapping')
,('190008','Business Requirements Mapping')
,('190014','Business Requirements Mapping')
,('190027','Business Requirements Mapping')
,('190030','Business Requirements Mapping')
,('190043','Business Requirements Mapping')
,('190046','Business Requirements Mapping')
,('190058','Business Requirements Mapping')
,('190065','Business Requirements Mapping')
,('190079','Business Requirements Mapping')
,('190086','Business Requirements Mapping')
,('190098','Business Requirements Mapping')
,('210022','Business Requirements Mapping')
,('210025','Business Requirements Mapping')
,('210036','Business Requirements Mapping')
,('210039','Business Requirements Mapping')
,('140025','Business Risk Management')
,('140880','Business Risk Management')
,('140898','Business Risk Management')
,('140923','Business Risk Management')
,('140942','Business Risk Management')
,('160143','Business Risk Management')
,('160286','Business Risk Management')
,('160301','Business Risk Management')
,('170208','Business Risk Management')
,('171010','Business Risk Management')
,('171029','Business Risk Management')
,('171042','Business Risk Management')
,('171045','Business Risk Management')
,('180013','Business Risk Management')
,('180033','Business Risk Management')
,('190015','Business Risk Management')
,('190031','Business Risk Management')
,('190047','Business Risk Management')
,('190066','Business Risk Management')
,('190087','Business Risk Management')
,('210040','Business Risk Management')
,('140881','Call Centre Management')
,('150695','Call Centre Management')
,('151489','Call Centre Management')
,('151598','Call Centre Management')
,('160145','Call Centre Management')
,('160155','Call Centre Management')
,('160287','Call Centre Management')
,('160290','Call Centre Management')
,('160302','Call Centre Management')
,('160305','Call Centre Management')
,('160324','Call Centre Management')
,('160328','Call Centre Management')
,('160339','Call Centre Management')
,('210024','Call Centre Management')
,('210027','Call Centre Management')
,('210038','Call Centre Management')
,('210041','Call Centre Management')
,('140078','Collaboration')
,('140882','Collaboration')
,('140887','Collaboration')
,('140901','Collaboration')
,('140905','Collaboration')
,('140925','Collaboration')
,('140928','Collaboration')
,('140945','Collaboration')
,('150075','Collaboration')
,('150143','Collaboration')
,('150162','Collaboration')
,('150215','Collaboration')
,('150233','Collaboration')
,('150318','Collaboration')
,('150345','Collaboration')
,('150488','Collaboration')
,('150518','Collaboration')
,('150645','Collaboration')
,('150705','Collaboration')
,('150968','Collaboration')
,('151407','Collaboration')
,('151412','Collaboration')
,('151427','Collaboration')
,('151431','Collaboration')
,('151446','Collaboration')
,('151450','Collaboration')
,('151468','Collaboration')
,('151471','Collaboration')
,('151487','Collaboration')
,('151491','Collaboration')
,('151505','Collaboration')
,('151518','Collaboration')
,('151521','Collaboration')
,('151536','Collaboration')
,('151540','Collaboration')
,('151558','Collaboration')
,('151561','Collaboration')
,('151576','Collaboration')
,('151580','Collaboration')
,('151596','Collaboration')
,('151600','Collaboration')
,('151612','Collaboration')
,('160146','Collaboration')
,('160188','Collaboration')
,('160288','Collaboration')
,('160291','Collaboration')
,('160303','Collaboration')
,('160306','Collaboration')
,('160325','Collaboration')
,('160329','Collaboration')
,('170166','Collaboration')
,('170216','Collaboration')
,('171012','Collaboration')
,('171027','Collaboration')
,('171031','Collaboration')
,('171044','Collaboration')
,('171047','Collaboration')
,('180001','Collaboration')
,('180015','Collaboration')
,('180021','Collaboration')
,('180036','Collaboration')
,('190014','Collaboration')
,('190017','Collaboration')
,('190030','Collaboration')
,('190033','Collaboration')
,('190046','Collaboration')
,('190049','Collaboration')
,('190065','Collaboration')
,('190068','Collaboration')
,('190086','Collaboration')
,('190089','Collaboration')
,('210025','Collaboration')
,('210028','Collaboration')
,('210039','Collaboration')
,('210042','Collaboration')
,('140102','Communication')
,('140883','Communication')
,('140888','Communication')
,('140903','Communication')
,('140908','Communication')
,('140926','Communication')
,('140929','Communication')
,('140947','Communication')
,('150076','Communication')
,('150148','Communication')
,('150163','Communication')
,('150216','Communication')
,('150238','Communication')
,('150342','Communication')
,('150348','Communication')
,('150512','Communication')
,('150525','Communication')
,('150655','Communication')
,('150765','Communication')
,('150976','Communication')
,('151410','Communication')
,('151413','Communication')
,('151428','Communication')
,('151432','Communication')
,('151447','Communication')
,('151451','Communication')
,('151469','Communication')
,('151472','Communication')
,('151488','Communication')
,('151492','Communication')
,('151506','Communication')
,('151519','Communication')
,('151523','Communication')
,('151537','Communication')
,('151541','Communication')
,('151559','Communication')
,('151562','Communication')
,('151578','Communication')
,('151581','Communication')
,('151597','Communication')
,('151601','Communication')
,('151613','Communication')
,('160148','Communication')
,('160212','Communication')
,('160289','Communication')
,('160293','Communication')
,('160304','Communication')
,('160307','Communication')
,('160326','Communication')
,('160330','Communication')
,('170208','Communication')
,('170232','Communication')
,('171013','Communication')
,('171029','Communication')
,('171032','Communication')
,('171045','Communication')
,('171048','Communication')
,('180002','Communication')
,('180019','Communication')
,('180022','Communication')
,('180037','Communication')
,('190015','Communication')
,('190018','Communication')
,('190031','Communication')
,('190035','Communication')
,('190047','Communication')
,('190050','Communication')
,('190066','Communication')
,('190069','Communication')
,('190087','Communication')
,('190091','Communication')
,('210026','Communication')
,('210029','Communication')
,('210040','Communication')
,('210043','Communication')
,('140103','Configuration Tracking')
,('140886','Configuration Tracking')
,('140889','Configuration Tracking')
,('140904','Configuration Tracking')
,('140909','Configuration Tracking')
,('140927','Configuration Tracking')
,('140933','Configuration Tracking')
,('140948','Configuration Tracking')
,('150085','Configuration Tracking')
,('150155','Configuration Tracking')
,('150165','Configuration Tracking')
,('150232','Configuration Tracking')
,('150245','Configuration Tracking')
,('150343','Configuration Tracking')
,('150355','Configuration Tracking')
,('150513','Configuration Tracking')
,('150555','Configuration Tracking')
,('150695','Configuration Tracking')
,('150776','Configuration Tracking')
,('151008','Configuration Tracking')
,('151411','Configuration Tracking')
,('151414','Configuration Tracking')
,('151430','Configuration Tracking')
,('151433','Configuration Tracking')
,('151448','Configuration Tracking')
,('151452','Configuration Tracking')
,('151470','Configuration Tracking')
,('151476','Configuration Tracking')
,('151489','Configuration Tracking')
,('151493','Configuration Tracking')
,('151507','Configuration Tracking')
,('151520','Configuration Tracking')
,('151524','Configuration Tracking')
,('151539','Configuration Tracking')
,('151543','Configuration Tracking')
,('151560','Configuration Tracking')
,('151563','Configuration Tracking')
,('151579','Configuration Tracking')
,('151582','Configuration Tracking')
,('151598','Configuration Tracking')
,('151602','Configuration Tracking')
,('180003','Configuration Tracking')
,('180020','Configuration Tracking')
,('180023','Configuration Tracking')
,('180038','Configuration Tracking')
,('190016','Configuration Tracking')
,('190019','Configuration Tracking')
,('190032','Configuration Tracking')
,('190036','Configuration Tracking')
,('190048','Configuration Tracking')
,('190051','Configuration Tracking')
,('190067','Configuration Tracking')
,('190070','Configuration Tracking')
,('190088','Configuration Tracking')
,('190092','Configuration Tracking')
,('210001','Configuration Tracking')
,('210027','Configuration Tracking')
,('210030','Configuration Tracking')
,('210041','Configuration Tracking')
,('210044','Configuration Tracking')
,('140001','Customer Acquisition Management')
,('140108','Customer Acquisition Management')
,('140887','Customer Acquisition Management')
,('140890','Customer Acquisition Management')
,('140905','Customer Acquisition Management')
,('140910','Customer Acquisition Management')
,('140928','Customer Acquisition Management')
,('140934','Customer Acquisition Management')
,('150162','Customer Acquisition Management')
,('150233','Customer Acquisition Management')
,('151412','Customer Acquisition Management')
,('151431','Customer Acquisition Management')
,('151521','Customer Acquisition Management')
,('151540','Customer Acquisition Management')
,('180001','Customer Acquisition Management')
,('180004','Customer Acquisition Management')
,('180021','Customer Acquisition Management')
,('180025','Customer Acquisition Management')
,('190017','Customer Acquisition Management')
,('140002','Customer Relationship Management')
,('140115','Customer Relationship Management')
,('140888','Customer Relationship Management')
,('140891','Customer Relationship Management')
,('140908','Customer Relationship Management')
,('140911','Customer Relationship Management')
,('140929','Customer Relationship Management')
,('140935','Customer Relationship Management')
,('150163','Customer Relationship Management')
,('150238','Customer Relationship Management')
,('150348','Customer Relationship Management')
,('150525','Customer Relationship Management')
,('150765','Customer Relationship Management')
,('151413','Customer Relationship Management')
,('151432','Customer Relationship Management')
,('151451','Customer Relationship Management')
,('151472','Customer Relationship Management')
,('151492','Customer Relationship Management')
,('151523','Customer Relationship Management')
,('151541','Customer Relationship Management')
,('151562','Customer Relationship Management')
,('151581','Customer Relationship Management')
,('151601','Customer Relationship Management')
,('160075','Customer Relationship Management')
,('160225','Customer Relationship Management')
,('160296','Customer Relationship Management')
,('160314','Customer Relationship Management')
,('160333','Customer Relationship Management')
,('180002','Customer Relationship Management')
,('180005','Customer Relationship Management')
,('180022','Customer Relationship Management')
,('180026','Customer Relationship Management')
,('190003','Customer Relationship Management')
,('190018','Customer Relationship Management')
,('190022','Customer Relationship Management')
,('190035','Customer Relationship Management')
,('190038','Customer Relationship Management')
,('190050','Customer Relationship Management')
,('190054','Customer Relationship Management')
,('190069','Customer Relationship Management')
,('190075','Customer Relationship Management')
,('190091','Customer Relationship Management')
,('190094','Customer Relationship Management')
,('210018','Customer Relationship Management')
,('210029','Customer Relationship Management')
,('210032','Customer Relationship Management')
,('210043','Customer Relationship Management')
,('140003','Data Analytics')
,('140525','Data Analytics')
,('140889','Data Analytics')
,('140892','Data Analytics')
,('140909','Data Analytics')
,('140912','Data Analytics')
,('140933','Data Analytics')
,('140937','Data Analytics')
,('150115','Data Analytics')
,('150165','Data Analytics')
,('150175','Data Analytics')
,('150245','Data Analytics')
,('150275','Data Analytics')
,('150355','Data Analytics')
,('150422','Data Analytics')
,('150555','Data Analytics')
,('150585','Data Analytics')
,('150776','Data Analytics')
,('150845','Data Analytics')
,('151058','Data Analytics')
,('151414','Data Analytics')
,('151417','Data Analytics')
,('151433','Data Analytics')
,('151438','Data Analytics')
,('151452','Data Analytics')
,('151458','Data Analytics')
,('151476','Data Analytics')
,('151480','Data Analytics')
,('151493','Data Analytics')
,('151496','Data Analytics')
,('151510','Data Analytics')
,('151524','Data Analytics')
,('151527','Data Analytics')
,('151543','Data Analytics')
,('151546','Data Analytics')
,('151563','Data Analytics')
,('151568','Data Analytics')
,('151582','Data Analytics')
,('151585','Data Analytics')
,('151602','Data Analytics')
,('151606','Data Analytics')
,('160213','Data Analytics')
,('160294','Data Analytics')
,('160308','Data Analytics')
,('170233','Data Analytics')
,('170655','Data Analytics')
,('171017','Data Analytics')
,('171033','Data Analytics')
,('171036','Data Analytics')
,('180003','Data Analytics')
,('180006','Data Analytics')
,('180023','Data Analytics')
,('180027','Data Analytics')
,('190004','Data Analytics')
,('190019','Data Analytics')
,('190024','Data Analytics')
,('190036','Data Analytics')
,('190040','Data Analytics')
,('190051','Data Analytics')
,('190055','Data Analytics')
,('190070','Data Analytics')
,('190076','Data Analytics')
,('190092','Data Analytics')
,('190095','Data Analytics')
,('210001','Data Analytics')
,('210019','Data Analytics')
,('210030','Data Analytics')
,('210033','Data Analytics')
,('210044','Data Analytics')
,('140001','Database Administration')
,('140004','Database Administration')
,('140736','Database Administration')
,('140890','Database Administration')
,('140893','Database Administration')
,('140910','Database Administration')
,('140917','Database Administration')
,('140934','Database Administration')
,('140938','Database Administration')
,('150118','Database Administration')
,('150166','Database Administration')
,('150192','Database Administration')
,('150258','Database Administration')
,('150356','Database Administration')
,('150565','Database Administration')
,('150796','Database Administration')
,('151118','Database Administration')
,('151415','Database Administration')
,('151418','Database Administration')
,('151435','Database Administration')
,('151456','Database Administration')
,('151477','Database Administration')
,('151494','Database Administration')
,('151512','Database Administration')
,('151525','Database Administration')
,('151544','Database Administration')
,('151564','Database Administration')
,('151583','Database Administration')
,('151603','Database Administration')
,('160218','Database Administration')
,('160295','Database Administration')
,('170866','Database Administration')
,('171018','Database Administration')
,('171038','Database Administration')
,('180004','Database Administration')
,('180010','Database Administration')
,('180025','Database Administration')
,('180029','Database Administration')
,('190005','Database Administration')
,('190021','Database Administration')
,('190025','Database Administration')
,('190037','Database Administration')
,('190041','Database Administration')
,('190052','Database Administration')
,('190056','Database Administration')
,('190074','Database Administration')
,('190077','Database Administration')
,('190093','Database Administration')
,('190096','Database Administration')
,('210017','Database Administration')
,('210020','Database Administration')
,('210031','Database Administration')
,('210034','Database Administration')
,('140008','Developing People')
,('140878','Developing People')
,('140894','Developing People')
,('140918','Developing People')
,('140940','Developing People')
,('150916','Developing People')
,('151499','Developing People')
,('151590','Developing People')
,('151608','Developing People')
,('160135','Developing People')
,('160225','Developing People')
,('160283','Developing People')
,('160296','Developing People')
,('160299','Developing People')
,('160314','Developing People')
,('160317','Developing People')
,('160333','Developing People')
,('160336','Developing People')
,('171035','Developing People')
,('180005','Developing People')
,('190022','Developing People')
,('140003','Digital Fluency')
,('140015','Digital Fluency')
,('140879','Digital Fluency')
,('140892','Digital Fluency')
,('140895','Digital Fluency')
,('140912','Digital Fluency')
,('140919','Digital Fluency')
,('140937','Digital Fluency')
,('140941','Digital Fluency')
,('150126','Digital Fluency')
,('150175','Digital Fluency')
,('150198','Digital Fluency')
,('150275','Digital Fluency')
,('150283','Digital Fluency')
,('150422','Digital Fluency')
,('150435','Digital Fluency')
,('150585','Digital Fluency')
,('150632','Digital Fluency')
,('150845','Digital Fluency')
,('150918','Digital Fluency')
,('151198','Digital Fluency')
,('151417','Digital Fluency')
,('151420','Digital Fluency')
,('151438','Digital Fluency')
,('151441','Digital Fluency')
,('151458','Digital Fluency')
,('151465','Digital Fluency')
,('151480','Digital Fluency')
,('151483','Digital Fluency')
,('151496','Digital Fluency')
,('151500','Digital Fluency')
,('151514','Digital Fluency')
,('151527','Digital Fluency')
,('151533','Digital Fluency')
,('151546','Digital Fluency')
,('151549','Digital Fluency')
,('151568','Digital Fluency')
,('151573','Digital Fluency')
,('151585','Digital Fluency')
,('151591','Digital Fluency')
,('151606','Digital Fluency')
,('151609','Digital Fluency')
,('160142','Digital Fluency')
,('160258','Digital Fluency')
,('160284','Digital Fluency')
,('160297','Digital Fluency')
,('160300','Digital Fluency')
,('160315','Digital Fluency')
,('160318','Digital Fluency')
,('160334','Digital Fluency')
,('160337','Digital Fluency')
,('170655','Digital Fluency')
,('171009','Digital Fluency')
,('171023','Digital Fluency')
,('171036','Digital Fluency')
,('171041','Digital Fluency')
,('180006','Digital Fluency')
,('180012','Digital Fluency')
,('180027','Digital Fluency')
,('180032','Digital Fluency')
,('190008','Digital Fluency')
,('190024','Digital Fluency')
,('190027','Digital Fluency')
,('190040','Digital Fluency')
,('190043','Digital Fluency')
,('190055','Digital Fluency')
,('190058','Digital Fluency')
,('190076','Digital Fluency')
,('190079','Digital Fluency')
,('190095','Digital Fluency')
,('190098','Digital Fluency')
,('210019','Digital Fluency')
,('210022','Digital Fluency')
,('210033','Digital Fluency')
,('210036','Digital Fluency')
,('160143','Employee Communication Management')
,('160282','Employee Communication Management')
,('160286','Employee Communication Management')
,('160298','Employee Communication Management')
,('160301','Employee Communication Management')
,('160316','Employee Communication Management')
,('160323','Employee Communication Management')
,('160335','Employee Communication Management')
,('160338','Employee Communication Management')
,('160145','Employee Engagement Management')
,('160283','Employee Engagement Management')
,('160287','Employee Engagement Management')
,('160299','Employee Engagement Management')
,('160302','Employee Engagement Management')
,('160317','Employee Engagement Management')
,('160324','Employee Engagement Management')
,('160336','Employee Engagement Management')
,('160339','Employee Engagement Management')
,('140015','Finance Business Partnering')
,('160284','Finance Business Partnering')
,('170166','Finance Business Partnering')
,('171009','Finance Business Partnering')
,('171012','Finance Business Partnering')
,('171027','Finance Business Partnering')
,('171041','Finance Business Partnering')
,('171044','Finance Business Partnering')
,('180012','Finance Business Partnering')
,('140025','Financial Acumen')
,('140102','Financial Acumen')
,('140883','Financial Acumen')
,('140898','Financial Acumen')
,('140903','Financial Acumen')
,('140923','Financial Acumen')
,('140926','Financial Acumen')
,('140942','Financial Acumen')
,('140947','Financial Acumen')
,('150205','Financial Acumen')
,('151425','Financial Acumen')
,('151534','Financial Acumen')
,('170208','Financial Acumen')
,('171010','Financial Acumen')
,('171013','Financial Acumen')
,('171029','Financial Acumen')
,('171042','Financial Acumen')
,('171045','Financial Acumen')
,('180013','Financial Acumen')
,('180019','Financial Acumen')
,('180033','Financial Acumen')
,('180037','Financial Acumen')
,('170215','Financial Closing')
,('171011','Financial Closing')
,('171014','Financial Closing')
,('171030','Financial Closing')
,('171043','Financial Closing')
,('171046','Financial Closing')
,('140108','Financial Management')
,('140928','Financial Management')
,('150215','Financial Management')
,('150318','Financial Management')
,('151427','Financial Management')
,('151446','Financial Management')
,('151536','Financial Management')
,('151558','Financial Management')
,('160288','Financial Management')
,('160303','Financial Management')
,('170166','Financial Management')
,('170216','Financial Management')
,('171012','Financial Management')
,('171015','Financial Management')
,('171031','Financial Management')
,('171044','Financial Management')
,('171047','Financial Management')
,('180001','Financial Management')
,('180015','Financial Management')
,('180021','Financial Management')
,('180036','Financial Management')
,('170208','Financial Planning')
,('170232','Financial Planning')
,('171013','Financial Planning')
,('171016','Financial Planning')
,('171032','Financial Planning')
,('171045','Financial Planning')
,('171048','Financial Planning')
,('170215','Financial Reporting')
,('170233','Financial Reporting')
,('171014','Financial Reporting')
,('171017','Financial Reporting')
,('171033','Financial Reporting')
,('171046','Financial Reporting')
,('140001','Financial Statements Analysis')
,('140736','Financial Statements Analysis')
,('140890','Financial Statements Analysis')
,('140910','Financial Statements Analysis')
,('140934','Financial Statements Analysis')
,('150233','Financial Statements Analysis')
,('160291','Financial Statements Analysis')
,('160306','Financial Statements Analysis')
,('170216','Financial Statements Analysis')
,('170238','Financial Statements Analysis')
,('171015','Financial Statements Analysis')
,('171018','Financial Statements Analysis')
,('171034','Financial Statements Analysis')
,('171047','Financial Statements Analysis')
,('180001','Financial Statements Analysis')
,('180004','Financial Statements Analysis')
,('180021','Financial Statements Analysis')
,('180025','Financial Statements Analysis')
,('170232','Financial Transactions')
,('170245','Financial Transactions')
,('171016','Financial Transactions')
,('171022','Financial Transactions')
,('171035','Financial Transactions')
,('171048','Financial Transactions')
,('160076','Human Resource Advisory')
,('160142','Human Resource Advisory')
,('160258','Human Resource Advisory')
,('160294','Human Resource Advisory')
,('160297','Human Resource Advisory')
,('160308','Human Resource Advisory')
,('160315','Human Resource Advisory')
,('160331','Human Resource Advisory')
,('160334','Human Resource Advisory')
,('180003','Human Resource Advisory')
,('180006','Human Resource Advisory')
,('180023','Human Resource Advisory')
,('180027','Human Resource Advisory')
,('160118','Human Resource Practices Implementation')
,('160143','Human Resource Practices Implementation')
,('160282','Human Resource Practices Implementation')
,('160295','Human Resource Practices Implementation')
,('160298','Human Resource Practices Implementation')
,('160313','Human Resource Practices Implementation')
,('160316','Human Resource Practices Implementation')
,('160332','Human Resource Practices Implementation')
,('160335','Human Resource Practices Implementation')
,('180004','Human Resource Practices Implementation')
,('180010','Human Resource Practices Implementation')
,('180025','Human Resource Practices Implementation')
,('180029','Human Resource Practices Implementation')
,('160135','Human Resource Strategy Formulation')
,('160145','Human Resource Strategy Formulation')
,('160283','Human Resource Strategy Formulation')
,('160296','Human Resource Strategy Formulation')
,('160299','Human Resource Strategy Formulation')
,('160314','Human Resource Strategy Formulation')
,('160317','Human Resource Strategy Formulation')
,('160333','Human Resource Strategy Formulation')
,('160336','Human Resource Strategy Formulation')
,('180005','Human Resource Strategy Formulation')
,('180011','Human Resource Strategy Formulation')
,('180026','Human Resource Strategy Formulation')
,('180030','Human Resource Strategy Formulation')
,('160142','Human Resource Systems Management')
,('160146','Human Resource Systems Management')
,('160284','Human Resource Systems Management')
,('160297','Human Resource Systems Management')
,('160300','Human Resource Systems Management')
,('160315','Human Resource Systems Management')
,('160318','Human Resource Systems Management')
,('160334','Human Resource Systems Management')
,('160337','Human Resource Systems Management')
,('180006','Human Resource Systems Management')
,('180012','Human Resource Systems Management')
,('180027','Human Resource Systems Management')
,('180032','Human Resource Systems Management')
,('190008','Human Resource Systems Management')
,('190014','Human Resource Systems Management')
,('190027','Human Resource Systems Management')
,('190043','Human Resource Systems Management')
,('190058','Human Resource Systems Management')
,('190079','Human Resource Systems Management')
,('190095','Human Resource Systems Management')
,('190098','Human Resource Systems Management')
,('210019','Human Resource Systems Management')
,('210022','Human Resource Systems Management')
,('210033','Human Resource Systems Management')
,('210036','Human Resource Systems Management')
,('150138','Infrastructure Deployment')
,('150205','Infrastructure Deployment')
,('150276','Infrastructure Deployment')
,('150288','Infrastructure Deployment')
,('150423','Infrastructure Deployment')
,('150445','Infrastructure Deployment')
,('150608','Infrastructure Deployment')
,('150633','Infrastructure Deployment')
,('150866','Infrastructure Deployment')
,('151266','Infrastructure Deployment')
,('151425','Infrastructure Deployment')
,('151439','Infrastructure Deployment')
,('151443','Infrastructure Deployment')
,('151459','Infrastructure Deployment')
,('151466','Infrastructure Deployment')
,('151481','Infrastructure Deployment')
,('151484','Infrastructure Deployment')
,('151498','Infrastructure Deployment')
,('151515','Infrastructure Deployment')
,('151534','Infrastructure Deployment')
,('151547','Infrastructure Deployment')
,('151550','Infrastructure Deployment')
,('151570','Infrastructure Deployment')
,('151574','Infrastructure Deployment')
,('151589','Infrastructure Deployment')
,('151607','Infrastructure Deployment')
,('180010','Infrastructure Deployment')
,('180013','Infrastructure Deployment')
,('180029','Infrastructure Deployment')
,('180033','Infrastructure Deployment')
,('190009','Infrastructure Deployment')
,('190015','Infrastructure Deployment')
,('190028','Infrastructure Deployment')
,('190041','Infrastructure Deployment')
,('190044','Infrastructure Deployment')
,('190056','Infrastructure Deployment')
,('190059','Infrastructure Deployment')
,('190077','Infrastructure Deployment')
,('190080','Infrastructure Deployment')
,('190096','Infrastructure Deployment')
,('210020','Infrastructure Deployment')
,('210023','Infrastructure Deployment')
,('210034','Infrastructure Deployment')
,('210037','Infrastructure Deployment')
,('140008','Infrastructure Support')
,('140918','Infrastructure Support')
,('140940','Infrastructure Support')
,('150065','Infrastructure Support')
,('150142','Infrastructure Support')
,('150155','Infrastructure Support')
,('150208','Infrastructure Support')
,('150282','Infrastructure Support')
,('150295','Infrastructure Support')
,('150428','Infrastructure Support')
,('150446','Infrastructure Support')
,('150615','Infrastructure Support')
,('150638','Infrastructure Support')
,('150916','Infrastructure Support')
,('150938','Infrastructure Support')
,('151288','Infrastructure Support')
,('151426','Infrastructure Support')
,('151440','Infrastructure Support')
,('151444','Infrastructure Support')
,('151464','Infrastructure Support')
,('151467','Infrastructure Support')
,('151482','Infrastructure Support')
,('151485','Infrastructure Support')
,('151499','Infrastructure Support')
,('151503','Infrastructure Support')
,('151517','Infrastructure Support')
,('151535','Infrastructure Support')
,('151548','Infrastructure Support')
,('151556','Infrastructure Support')
,('151571','Infrastructure Support')
,('151575','Infrastructure Support')
,('151590','Infrastructure Support')
,('151595','Infrastructure Support')
,('151608','Infrastructure Support')
,('151611','Infrastructure Support')
,('180011','Infrastructure Support')
,('180014','Infrastructure Support')
,('180030','Infrastructure Support')
,('180034','Infrastructure Support')
,('190010','Infrastructure Support')
,('190016','Infrastructure Support')
,('190029','Infrastructure Support')
,('190042','Infrastructure Support')
,('190045','Infrastructure Support')
,('190057','Infrastructure Support')
,('190064','Infrastructure Support')
,('190078','Infrastructure Support')
,('190082','Infrastructure Support')
,('190097','Infrastructure Support')
,('210021','Infrastructure Support')
,('210024','Infrastructure Support')
,('210035','Infrastructure Support')
,('210038','Infrastructure Support')
,('150162','Learning and Development Programme Management')
,('151412','Learning and Development Programme Management')
,('151521','Learning and Development Programme Management')
,('160146','Learning and Development Programme Management')
,('160188','Learning and Development Programme Management')
,('160288','Learning and Development Programme Management')
,('160300','Learning and Development Programme Management')
,('160303','Learning and Development Programme Management')
,('160318','Learning and Development Programme Management')
,('160325','Learning and Development Programme Management')
,('160337','Learning and Development Programme Management')
,('171009','Learning and Development Programme Management')
,('171027','Learning and Development Programme Management')
,('180012','Learning and Development Programme Management')
,('180015','Learning and Development Programme Management')
,('180032','Learning and Development Programme Management')
,('210022','Learning and Development Programme Management')
,('210025','Learning and Development Programme Management')
,('210036','Learning and Development Programme Management')
,('210039','Learning and Development Programme Management')
,('160148','Learning Needs Analysis')
,('160212','Learning Needs Analysis')
,('160289','Learning Needs Analysis')
,('160301','Learning Needs Analysis')
,('160304','Learning Needs Analysis')
,('160323','Learning Needs Analysis')
,('160326','Learning Needs Analysis')
,('160338','Learning Needs Analysis')
,('180013','Learning Needs Analysis')
,('180019','Learning Needs Analysis')
,('180033','Learning Needs Analysis')
,('180037','Learning Needs Analysis')
,('150065','Network Administration and Maintenance')
,('150085','Network Administration and Maintenance')
,('150155','Network Administration and Maintenance')
,('150165','Network Administration and Maintenance')
,('150232','Network Administration and Maintenance')
,('150295','Network Administration and Maintenance')
,('150343','Network Administration and Maintenance')
,('150446','Network Administration and Maintenance')
,('150513','Network Administration and Maintenance')
,('150638','Network Administration and Maintenance')
,('150695','Network Administration and Maintenance')
,('150938','Network Administration and Maintenance')
,('151008','Network Administration and Maintenance')
,('151411','Network Administration and Maintenance')
,('151414','Network Administration and Maintenance')
,('151430','Network Administration and Maintenance')
,('151444','Network Administration and Maintenance')
,('151448','Network Administration and Maintenance')
,('151467','Network Administration and Maintenance')
,('151470','Network Administration and Maintenance')
,('151485','Network Administration and Maintenance')
,('151489','Network Administration and Maintenance')
,('151503','Network Administration and Maintenance')
,('151507','Network Administration and Maintenance')
,('151520','Network Administration and Maintenance')
,('151524','Network Administration and Maintenance')
,('151539','Network Administration and Maintenance')
,('151556','Network Administration and Maintenance')
,('151560','Network Administration and Maintenance')
,('151575','Network Administration and Maintenance')
,('151579','Network Administration and Maintenance')
,('151595','Network Administration and Maintenance')
,('151598','Network Administration and Maintenance')
,('151611','Network Administration and Maintenance')
,('180014','Network Administration and Maintenance')
,('180020','Network Administration and Maintenance')
,('180034','Network Administration and Maintenance')
,('180038','Network Administration and Maintenance')
,('190016','Network Administration and Maintenance')
,('190019','Network Administration and Maintenance')
,('190032','Network Administration and Maintenance')
,('190045','Network Administration and Maintenance')
,('190048','Network Administration and Maintenance')
,('190064','Network Administration and Maintenance')
,('190067','Network Administration and Maintenance')
,('190082','Network Administration and Maintenance')
,('190088','Network Administration and Maintenance')
,('210024','Network Administration and Maintenance')
,('210027','Network Administration and Maintenance')
,('210038','Network Administration and Maintenance')
,('210041','Network Administration and Maintenance')
,('160065','Onboarding')
,('160188','Onboarding')
,('160218','Onboarding')
,('160291','Onboarding')
,('160303','Onboarding')
,('160306','Onboarding')
,('160325','Onboarding')
,('160329','Onboarding')
,('160075','Organisational Design')
,('160212','Organisational Design')
,('160225','Organisational Design')
,('160293','Organisational Design')
,('160304','Organisational Design')
,('160307','Organisational Design')
,('160326','Organisational Design')
,('160330','Organisational Design')
,('140892','People and Performance Management')
,('151527','People and Performance Management')
,('160008','People and Performance Management')
,('160076','People and Performance Management')
,('160213','People and Performance Management')
,('160258','People and Performance Management')
,('160294','People and Performance Management')
,('160305','People and Performance Management')
,('160308','People and Performance Management')
,('160328','People and Performance Management')
,('160331','People and Performance Management')
,('170215','People and Performance Management')
,('180020','People and Performance Management')
,('190024','People and Performance Management')
,('210027','People and Performance Management')
,('140001','Pricing Strategy')
,('140108','Pricing Strategy')
,('140736','Pricing Strategy')
,('140890','Pricing Strategy')
,('140893','Pricing Strategy')
,('140910','Pricing Strategy')
,('140928','Pricing Strategy')
,('140934','Pricing Strategy')
,('170216','Pricing Strategy')
,('180001','Pricing Strategy')
,('180004','Pricing Strategy')
,('180021','Pricing Strategy')
,('180025','Pricing Strategy')
,('150096','Problem Management')
,('150125','Problem Management')
,('150168','Problem Management')
,('150193','Problem Management')
,('150265','Problem Management')
,('150348','Problem Management')
,('150398','Problem Management')
,('150525','Problem Management')
,('150566','Problem Management')
,('150765','Problem Management')
,('150826','Problem Management')
,('151056','Problem Management')
,('151146','Problem Management')
,('151416','Problem Management')
,('151419','Problem Management')
,('151436','Problem Management')
,('151451','Problem Management')
,('151457','Problem Management')
,('151472','Problem Management')
,('151479','Problem Management')
,('151492','Problem Management')
,('151495','Problem Management')
,('151509','Problem Management')
,('151513','Problem Management')
,('151526','Problem Management')
,('151531','Problem Management')
,('151545','Problem Management')
,('151562','Problem Management')
,('151567','Problem Management')
,('151581','Problem Management')
,('151584','Problem Management')
,('151601','Problem Management')
,('151605','Problem Management')
,('180002','Problem Management')
,('180005','Problem Management')
,('180022','Problem Management')
,('180026','Problem Management')
,('190003','Problem Management')
,('190006','Problem Management')
,('190022','Problem Management')
,('190026','Problem Management')
,('190038','Problem Management')
,('190050','Problem Management')
,('190054','Problem Management')
,('190069','Problem Management')
,('190075','Problem Management')
,('190091','Problem Management')
,('190094','Problem Management')
,('210018','Problem Management')
,('210029','Problem Management')
,('210032','Problem Management')
,('210043','Problem Management')
,('140003','Problem Solving')
,('140525','Problem Solving')
,('140879','Problem Solving')
,('140892','Problem Solving')
,('140895','Problem Solving')
,('140912','Problem Solving')
,('140933','Problem Solving')
,('140937','Problem Solving')
,('150115','Problem Solving')
,('150126','Problem Solving')
,('150175','Problem Solving')
,('150198','Problem Solving')
,('150275','Problem Solving')
,('150355','Problem Solving')
,('150422','Problem Solving')
,('150555','Problem Solving')
,('150585','Problem Solving')
,('150776','Problem Solving')
,('150845','Problem Solving')
,('151058','Problem Solving')
,('151198','Problem Solving')
,('151417','Problem Solving')
,('151420','Problem Solving')
,('151438','Problem Solving')
,('151452','Problem Solving')
,('151458','Problem Solving')
,('151476','Problem Solving')
,('151480','Problem Solving')
,('151493','Problem Solving')
,('151496','Problem Solving')
,('151510','Problem Solving')
,('151514','Problem Solving')
,('151527','Problem Solving')
,('151533','Problem Solving')
,('151546','Problem Solving')
,('151563','Problem Solving')
,('151568','Problem Solving')
,('151582','Problem Solving')
,('151585','Problem Solving')
,('151602','Problem Solving')
,('151606','Problem Solving')
,('160076','Problem Solving')
,('160142','Problem Solving')
,('160258','Problem Solving')
,('160284','Problem Solving')
,('160297','Problem Solving')
,('160308','Problem Solving')
,('160315','Problem Solving')
,('160331','Problem Solving')
,('160334','Problem Solving')
,('170233','Problem Solving')
,('170655','Problem Solving')
,('171017','Problem Solving')
,('171023','Problem Solving')
,('171036','Problem Solving')
,('171041','Problem Solving')
,('180003','Problem Solving')
,('180006','Problem Solving')
,('180023','Problem Solving')
,('180027','Problem Solving')
,('190004','Problem Solving')
,('190008','Problem Solving')
,('190024','Problem Solving')
,('190027','Problem Solving')
,('190040','Problem Solving')
,('190051','Problem Solving')
,('190055','Problem Solving')
,('190070','Problem Solving')
,('190076','Problem Solving')
,('190092','Problem Solving')
,('190095','Problem Solving')
,('210019','Problem Solving')
,('210030','Problem Solving')
,('210033','Problem Solving')
,('210044','Problem Solving')
,('140001','Product Management')
,('140004','Product Management')
,('140736','Product Management')
,('140880','Product Management')
,('140893','Product Management')
,('140898','Product Management')
,('140917','Product Management')
,('140934','Product Management')
,('140938','Product Management')
,('150118','Product Management')
,('150138','Product Management')
,('150192','Product Management')
,('150205','Product Management')
,('150276','Product Management')
,('150356','Product Management')
,('150423','Product Management')
,('150565','Product Management')
,('150608','Product Management')
,('150796','Product Management')
,('150866','Product Management')
,('151118','Product Management')
,('151266','Product Management')
,('151418','Product Management')
,('151425','Product Management')
,('151439','Product Management')
,('151456','Product Management')
,('151459','Product Management')
,('151477','Product Management')
,('151481','Product Management')
,('151494','Product Management')
,('151498','Product Management')
,('151512','Product Management')
,('151515','Product Management')
,('151528','Product Management')
,('151534','Product Management')
,('151547','Product Management')
,('151564','Product Management')
,('151570','Product Management')
,('151583','Product Management')
,('151589','Product Management')
,('151603','Product Management')
,('151607','Product Management')
,('170238','Product Management')
,('180004','Product Management')
,('180010','Product Management')
,('180025','Product Management')
,('180029','Product Management')
,('190005','Product Management')
,('190009','Product Management')
,('190025','Product Management')
,('190028','Product Management')
,('190041','Product Management')
,('190052','Product Management')
,('190056','Product Management')
,('190074','Product Management')
,('190077','Product Management')
,('190093','Product Management')
,('190096','Product Management')
,('210020','Product Management')
,('210031','Product Management')
,('210034','Product Management')
,('140002','Professional and Business Ethics')
,('140008','Professional and Business Ethics')
,('140878','Professional and Business Ethics')
,('140881','Professional and Business Ethics')
,('140894','Professional and Business Ethics')
,('140900','Professional and Business Ethics')
,('140918','Professional and Business Ethics')
,('140935','Professional and Business Ethics')
,('140940','Professional and Business Ethics')
,('150125','Professional and Business Ethics')
,('150142','Professional and Business Ethics')
,('150193','Professional and Business Ethics')
,('150208','Professional and Business Ethics')
,('150282','Professional and Business Ethics')
,('150398','Professional and Business Ethics')
,('150428','Professional and Business Ethics')
,('150566','Professional and Business Ethics')
,('150615','Professional and Business Ethics')
,('150826','Professional and Business Ethics')
,('150916','Professional and Business Ethics')
,('151146','Professional and Business Ethics')
,('151288','Professional and Business Ethics')
,('151419','Professional and Business Ethics')
,('151426','Professional and Business Ethics')
,('151440','Professional and Business Ethics')
,('151457','Professional and Business Ethics')
,('151464','Professional and Business Ethics')
,('151479','Professional and Business Ethics')
,('151482','Professional and Business Ethics')
,('151495','Professional and Business Ethics')
,('151499','Professional and Business Ethics')
,('151513','Professional and Business Ethics')
,('151517','Professional and Business Ethics')
,('151531','Professional and Business Ethics')
,('151535','Professional and Business Ethics')
,('151548','Professional and Business Ethics')
,('151567','Professional and Business Ethics')
,('151571','Professional and Business Ethics')
,('151584','Professional and Business Ethics')
,('151590','Professional and Business Ethics')
,('151605','Professional and Business Ethics')
,('151608','Professional and Business Ethics')
,('160135','Professional and Business Ethics')
,('160145','Professional and Business Ethics')
,('160283','Professional and Business Ethics')
,('160287','Professional and Business Ethics')
,('160299','Professional and Business Ethics')
,('160314','Professional and Business Ethics')
,('160317','Professional and Business Ethics')
,('160333','Professional and Business Ethics')
,('160336','Professional and Business Ethics')
,('170245','Professional and Business Ethics')
,('171008','Professional and Business Ethics')
,('171022','Professional and Business Ethics')
,('171026','Professional and Business Ethics')
,('171039','Professional and Business Ethics')
,('171043','Professional and Business Ethics')
,('180005','Professional and Business Ethics')
,('180011','Professional and Business Ethics')
,('180026','Professional and Business Ethics')
,('180030','Professional and Business Ethics')
,('190006','Professional and Business Ethics')
,('190010','Professional and Business Ethics')
,('190026','Professional and Business Ethics')
,('190029','Professional and Business Ethics')
,('190042','Professional and Business Ethics')
,('190054','Professional and Business Ethics')
,('190057','Professional and Business Ethics')
,('190075','Professional and Business Ethics')
,('190078','Professional and Business Ethics')
,('190094','Professional and Business Ethics')
,('190097','Professional and Business Ethics')
,('210021','Professional and Business Ethics')
,('210032','Professional and Business Ethics')
,('210035','Professional and Business Ethics')
,('140003','Project Management')
,('140015','Project Management')
,('140879','Project Management')
,('140882','Project Management')
,('140895','Project Management')
,('140901','Project Management')
,('140919','Project Management')
,('140937','Project Management')
,('140941','Project Management')
,('150126','Project Management')
,('150143','Project Management')
,('150198','Project Management')
,('150215','Project Management')
,('150283','Project Management')
,('150422','Project Management')
,('150435','Project Management')
,('150585','Project Management')
,('150632','Project Management')
,('150845','Project Management')
,('150918','Project Management')
,('151198','Project Management')
,('151407','Project Management')
,('151420','Project Management')
,('151427','Project Management')
,('151441','Project Management')
,('151458','Project Management')
,('151465','Project Management')
,('151480','Project Management')
,('151483','Project Management')
,('151496','Project Management')
,('151500','Project Management')
,('151514','Project Management')
,('151518','Project Management')
,('151533','Project Management')
,('151536','Project Management')
,('151549','Project Management')
,('151568','Project Management')
,('151573','Project Management')
,('151585','Project Management')
,('151591','Project Management')
,('151606','Project Management')
,('151609','Project Management')
,('160142','Project Management')
,('160146','Project Management')
,('160284','Project Management')
,('160288','Project Management')
,('160300','Project Management')
,('160315','Project Management')
,('160318','Project Management')
,('160334','Project Management')
,('160337','Project Management')
,('170655','Project Management')
,('171009','Project Management')
,('171023','Project Management')
,('171027','Project Management')
,('171041','Project Management')
,('171044','Project Management')
,('180006','Project Management')
,('180012','Project Management')
,('180027','Project Management')
,('180032','Project Management')
,('190008','Project Management')
,('190014','Project Management')
,('190027','Project Management')
,('190030','Project Management')
,('190043','Project Management')
,('190055','Project Management')
,('190058','Project Management')
,('190076','Project Management')
,('190079','Project Management')
,('190095','Project Management')
,('190098','Project Management')
,('210022','Project Management')
,('210033','Project Management')
,('210036','Project Management')
,('150138','Regulatory Compliance')
,('150148','Regulatory Compliance')
,('150205','Regulatory Compliance')
,('150216','Regulatory Compliance')
,('150288','Regulatory Compliance')
,('150423','Regulatory Compliance')
,('150445','Regulatory Compliance')
,('150608','Regulatory Compliance')
,('150633','Regulatory Compliance')
,('150866','Regulatory Compliance')
,('150935','Regulatory Compliance')
,('151266','Regulatory Compliance')
,('151408','Regulatory Compliance')
,('151410','Regulatory Compliance')
,('151425','Regulatory Compliance')
,('151428','Regulatory Compliance')
,('151443','Regulatory Compliance')
,('151459','Regulatory Compliance')
,('151466','Regulatory Compliance')
,('151481','Regulatory Compliance')
,('151484','Regulatory Compliance')
,('151498','Regulatory Compliance')
,('151502','Regulatory Compliance')
,('151515','Regulatory Compliance')
,('151519','Regulatory Compliance')
,('151534','Regulatory Compliance')
,('151537','Regulatory Compliance')
,('151550','Regulatory Compliance')
,('151570','Regulatory Compliance')
,('151574','Regulatory Compliance')
,('151589','Regulatory Compliance')
,('151593','Regulatory Compliance')
,('151607','Regulatory Compliance')
,('151610','Regulatory Compliance')
,('180011','Regulatory Risk Assessment')
,('180014','Regulatory Risk Assessment')
,('180030','Regulatory Risk Assessment')
,('180034','Regulatory Risk Assessment')
,('180012','Regulatory Strategy')
,('180015','Regulatory Strategy')
,('180032','Regulatory Strategy')
,('180036','Regulatory Strategy')
,('140025','Sales Closure')
,('140102','Sales Closure')
,('140883','Sales Closure')
,('140888','Sales Closure')
,('140903','Sales Closure')
,('140908','Sales Closure')
,('140926','Sales Closure')
,('140942','Sales Closure')
,('140947','Sales Closure')
,('180013','Sales Closure')
,('180019','Sales Closure')
,('180033','Sales Closure')
,('180037','Sales Closure')
,('140036','Sales Strategy')
,('140103','Sales Strategy')
,('140886','Sales Strategy')
,('140889','Sales Strategy')
,('140904','Sales Strategy')
,('140909','Sales Strategy')
,('140927','Sales Strategy')
,('140944','Sales Strategy')
,('140948','Sales Strategy')
,('150065','Sales Strategy')
,('150446','Sales Strategy')
,('150638','Sales Strategy')
,('150938','Sales Strategy')
,('151467','Sales Strategy')
,('151485','Sales Strategy')
,('151575','Sales Strategy')
,('151595','Sales Strategy')
,('180014','Sales Strategy')
,('180020','Sales Strategy')
,('180034','Sales Strategy')
,('180038','Sales Strategy')
,('190016','Sales Strategy')
,('190019','Sales Strategy')
,('190032','Sales Strategy')
,('190036','Sales Strategy')
,('190048','Sales Strategy')
,('190064','Sales Strategy')
,('190067','Sales Strategy')
,('190082','Sales Strategy')
,('190088','Sales Strategy')
,('150008','Security Administration')
,('150075','Security Administration')
,('150095','Security Administration')
,('150162','Security Administration')
,('150166','Security Administration')
,('150233','Security Administration')
,('150258','Security Administration')
,('150345','Security Administration')
,('150488','Security Administration')
,('150518','Security Administration')
,('150645','Security Administration')
,('150705','Security Administration')
,('150968','Security Administration')
,('151055','Security Administration')
,('151412','Security Administration')
,('151415','Security Administration')
,('151431','Security Administration')
,('151435','Security Administration')
,('151450','Security Administration')
,('151468','Security Administration')
,('151471','Security Administration')
,('151487','Security Administration')
,('151491','Security Administration')
,('151505','Security Administration')
,('151508','Security Administration')
,('151521','Security Administration')
,('151525','Security Administration')
,('151540','Security Administration')
,('151544','Security Administration')
,('151561','Security Administration')
,('151576','Security Administration')
,('151580','Security Administration')
,('151596','Security Administration')
,('151600','Security Administration')
,('151612','Security Administration')
,('180001','Security Administration')
,('180015','Security Administration')
,('180021','Security Administration')
,('180036','Security Administration')
,('190017','Security Administration')
,('190021','Security Administration')
,('190033','Security Administration')
,('190037','Security Administration')
,('190049','Security Administration')
,('190065','Security Administration')
,('190068','Security Administration')
,('190086','Security Administration')
,('190089','Security Administration')
,('210017','Security Administration')
,('210028','Security Administration')
,('210039','Security Administration')
,('210042','Security Administration')
,('140102','Sense Making')
,('140115','Sense Making')
,('140888','Sense Making')
,('140891','Sense Making')
,('140908','Sense Making')
,('140911','Sense Making')
,('140929','Sense Making')
,('140947','Sense Making')
,('150076','Sense Making')
,('150096','Sense Making')
,('150163','Sense Making')
,('150168','Sense Making')
,('150238','Sense Making')
,('150265','Sense Making')
,('150348','Sense Making')
,('150512','Sense Making')
,('150525','Sense Making')
,('150655','Sense Making')
,('150765','Sense Making')
,('150976','Sense Making')
,('151056','Sense Making')
,('151413','Sense Making')
,('151416','Sense Making')
,('151432','Sense Making')
,('151436','Sense Making')
,('151451','Sense Making')
,('151469','Sense Making')
,('151472','Sense Making')
,('151488','Sense Making')
,('151492','Sense Making')
,('151506','Sense Making')
,('151509','Sense Making')
,('151523','Sense Making')
,('151526','Sense Making')
,('151541','Sense Making')
,('151545','Sense Making')
,('151562','Sense Making')
,('151578','Sense Making')
,('151581','Sense Making')
,('151597','Sense Making')
,('151601','Sense Making')
,('151613','Sense Making')
,('160075','Sense Making')
,('160212','Sense Making')
,('160225','Sense Making')
,('160293','Sense Making')
,('160296','Sense Making')
,('160307','Sense Making')
,('160326','Sense Making')
,('160330','Sense Making')
,('170208','Sense Making')
,('170232','Sense Making')
,('171013','Sense Making')
,('171016','Sense Making')
,('171032','Sense Making')
,('171035','Sense Making')
,('171048','Sense Making')
,('180002','Sense Making')
,('180019','Sense Making')
,('180022','Sense Making')
,('180037','Sense Making')
,('190003','Sense Making')
,('190018','Sense Making')
,('190022','Sense Making')
,('190035','Sense Making')
,('190038','Sense Making')
,('190050','Sense Making')
,('190066','Sense Making')
,('190069','Sense Making')
,('190087','Sense Making')
,('190091','Sense Making')
,('210018','Sense Making')
,('210029','Sense Making')
,('210040','Sense Making')
,('210043','Sense Making')
,('140103','Service Level Management')
,('140525','Service Level Management')
,('140889','Service Level Management')
,('140892','Service Level Management')
,('140909','Service Level Management')
,('140912','Service Level Management')
,('140933','Service Level Management')
,('140948','Service Level Management')
,('150085','Service Level Management')
,('150115','Service Level Management')
,('150165','Service Level Management')
,('150175','Service Level Management')
,('150245','Service Level Management')
,('150275','Service Level Management')
,('150355','Service Level Management')
,('150513','Service Level Management')
,('150555','Service Level Management')
,('150695','Service Level Management')
,('150776','Service Level Management')
,('151008','Service Level Management')
,('151058','Service Level Management')
,('151414','Service Level Management')
,('151417','Service Level Management')
,('151433','Service Level Management')
,('151438','Service Level Management')
,('151452','Service Level Management')
,('151470','Service Level Management')
,('151476','Service Level Management')
,('151489','Service Level Management')
,('151493','Service Level Management')
,('151507','Service Level Management')
,('151510','Service Level Management')
,('151524','Service Level Management')
,('151527','Service Level Management')
,('151543','Service Level Management')
,('151546','Service Level Management')
,('151563','Service Level Management')
,('151579','Service Level Management')
,('151582','Service Level Management')
,('151598','Service Level Management')
,('151602','Service Level Management')
,('180003','Service Level Management')
,('180020','Service Level Management')
,('180023','Service Level Management')
,('180038','Service Level Management')
,('190004','Service Level Management')
,('190019','Service Level Management')
,('190024','Service Level Management')
,('190036','Service Level Management')
,('190040','Service Level Management')
,('190051','Service Level Management')
,('190067','Service Level Management')
,('190070','Service Level Management')
,('190088','Service Level Management')
,('190092','Service Level Management')
,('160065','Skills Framework Adoption')
,('160118','Skills Framework Adoption')
,('160218','Skills Framework Adoption')
,('160282','Skills Framework Adoption')
,('160295','Skills Framework Adoption')
,('160313','Skills Framework Adoption')
,('160329','Skills Framework Adoption')
,('160332','Skills Framework Adoption')
,('180001','Skills Framework Adoption')
,('180004','Skills Framework Adoption')
,('180021','Skills Framework Adoption')
,('180025','Skills Framework Adoption')
,('150096','Software Configuration')
,('150125','Software Configuration')
,('150168','Software Configuration')
,('150193','Software Configuration')
,('150265','Software Configuration')
,('150282','Software Configuration')
,('150398','Software Configuration')
,('150525','Software Configuration')
,('150566','Software Configuration')
,('150765','Software Configuration')
,('150826','Software Configuration')
,('151056','Software Configuration')
,('151146','Software Configuration')
,('151416','Software Configuration')
,('151419','Software Configuration')
,('151436','Software Configuration')
,('151440','Software Configuration')
,('151457','Software Configuration')
,('151472','Software Configuration')
,('151479','Software Configuration')
,('151492','Software Configuration')
,('151495','Software Configuration')
,('151509','Software Configuration')
,('151513','Software Configuration')
,('151526','Software Configuration')
,('151531','Software Configuration')
,('151545','Software Configuration')
,('151548','Software Configuration')
,('151567','Software Configuration')
,('151581','Software Configuration')
,('151584','Software Configuration')
,('151601','Software Configuration')
,('151605','Software Configuration')
,('180002','Software Configuration')
,('180005','Software Configuration')
,('180022','Software Configuration')
,('180026','Software Configuration')
,('190003','Software Configuration')
,('190006','Software Configuration')
,('190022','Software Configuration')
,('190026','Software Configuration')
,('190038','Software Configuration')
,('190042','Software Configuration')
,('190054','Software Configuration')
,('190069','Software Configuration')
,('190075','Software Configuration')
,('190091','Software Configuration')
,('190094','Software Configuration')
,('210018','Software Configuration')
,('210021','Software Configuration')
,('210032','Software Configuration')
,('210043','Software Configuration')
,('150115','Software Design')
,('150175','Software Design')
,('150275','Software Design')
,('150422','Software Design')
,('150555','Software Design')
,('150776','Software Design')
,('151058','Software Design')
,('151417','Software Design')
,('151438','Software Design')
,('151476','Software Design')
,('151493','Software Design')
,('151510','Software Design')
,('151527','Software Design')
,('151546','Software Design')
,('151582','Software Design')
,('151602','Software Design')
,('180003','Software Design')
,('180006','Software Design')
,('180023','Software Design')
,('180027','Software Design')
,('190004','Software Design')
,('190008','Software Design')
,('190024','Software Design')
,('190027','Software Design')
,('190040','Software Design')
,('190043','Software Design')
,('190055','Software Design')
,('190070','Software Design')
,('190076','Software Design')
,('190092','Software Design')
,('190095','Software Design')
,('210019','Software Design')
,('210022','Software Design')
,('210033','Software Design')
,('210044','Software Design')
,('150138','Software Testing')
,('150205','Software Testing')
,('150288','Software Testing')
,('150866','Software Testing')
,('151266','Software Testing')
,('151425','Software Testing')
,('151443','Software Testing')
,('151481','Software Testing')
,('151498','Software Testing')
,('151515','Software Testing')
,('151534','Software Testing')
,('151550','Software Testing')
,('151589','Software Testing')
,('151607','Software Testing')
,('190005','Software Testing')
,('190009','Software Testing')
,('190025','Software Testing')
,('190028','Software Testing')
,('190041','Software Testing')
,('190044','Software Testing')
,('190056','Software Testing')
,('190074','Software Testing')
,('190077','Software Testing')
,('190093','Software Testing')
,('190096','Software Testing')
,('210020','Software Testing')
,('210023','Software Testing')
,('210034','Software Testing')
,('150142','Solution Architecture')
,('150208','Solution Architecture')
,('150295','Solution Architecture')
,('150916','Solution Architecture')
,('151288','Solution Architecture')
,('151426','Solution Architecture')
,('151444','Solution Architecture')
,('151499','Solution Architecture')
,('151517','Solution Architecture')
,('151535','Solution Architecture')
,('151556','Solution Architecture')
,('151590','Solution Architecture')
,('151608','Solution Architecture')
,('180005','Solution Architecture')
,('180011','Solution Architecture')
,('180026','Solution Architecture')
,('180030','Solution Architecture')
,('190010','Solution Architecture')
,('190029','Solution Architecture')
,('190045','Solution Architecture')
,('210021','Solution Architecture')
,('210024','Solution Architecture')
,('210035','Solution Architecture')
,('150143','Solutions Design Thinking')
,('150215','Solutions Design Thinking')
,('150318','Solutions Design Thinking')
,('151407','Solutions Design Thinking')
,('151427','Solutions Design Thinking')
,('151446','Solutions Design Thinking')
,('151518','Solutions Design Thinking')
,('151536','Solutions Design Thinking')
,('151558','Solutions Design Thinking')
,('180006','Solutions Design Thinking')
,('180027','Solutions Design Thinking')
,('190079','Solutions Design Thinking')
,('190098','Solutions Design Thinking')
,('210022','Solutions Design Thinking')
,('210025','Solutions Design Thinking')
,('210036','Solutions Design Thinking')
,('140008','SOP Development and Implementation')
,('140036','SOP Development and Implementation')
,('140881','SOP Development and Implementation')
,('140886','SOP Development and Implementation')
,('140900','SOP Development and Implementation')
,('140904','SOP Development and Implementation')
,('140924','SOP Development and Implementation')
,('140927','SOP Development and Implementation')
,('140944','SOP Development and Implementation')
,('150065','SOP Development and Implementation')
,('150142','SOP Development and Implementation')
,('150155','SOP Development and Implementation')
,('150208','SOP Development and Implementation')
,('150232','SOP Development and Implementation')
,('150295','SOP Development and Implementation')
,('150343','SOP Development and Implementation')
,('150446','SOP Development and Implementation')
,('150615','SOP Development and Implementation')
,('150638','SOP Development and Implementation')
,('150916','SOP Development and Implementation')
,('150938','SOP Development and Implementation')
,('151288','SOP Development and Implementation')
,('151411','SOP Development and Implementation')
,('151426','SOP Development and Implementation')
,('151430','SOP Development and Implementation')
,('151444','SOP Development and Implementation')
,('151448','SOP Development and Implementation')
,('151467','SOP Development and Implementation')
,('151482','SOP Development and Implementation')
,('151485','SOP Development and Implementation')
,('151499','SOP Development and Implementation')
,('151503','SOP Development and Implementation')
,('151517','SOP Development and Implementation')
,('151520','SOP Development and Implementation')
,('151535','SOP Development and Implementation')
,('151539','SOP Development and Implementation')
,('151556','SOP Development and Implementation')
,('151560','SOP Development and Implementation')
,('151575','SOP Development and Implementation')
,('151590','SOP Development and Implementation')
,('151595','SOP Development and Implementation')
,('151608','SOP Development and Implementation')
,('151611','SOP Development and Implementation')
,('180011','SOP Development and Implementation')
,('180014','SOP Development and Implementation')
,('180030','SOP Development and Implementation')
,('180034','SOP Development and Implementation')
,('190010','SOP Development and Implementation')
,('190016','SOP Development and Implementation')
,('190029','SOP Development and Implementation')
,('190032','SOP Development and Implementation')
,('190045','SOP Development and Implementation')
,('190048','SOP Development and Implementation')
,('190064','SOP Development and Implementation')
,('190078','SOP Development and Implementation')
,('190082','SOP Development and Implementation')
,('190097','SOP Development and Implementation')
,('210024','SOP Development and Implementation')
,('210027','SOP Development and Implementation')
,('210038','SOP Development and Implementation')
,('140883','Stakeholder Management')
,('140903','Stakeholder Management')
,('140926','Stakeholder Management')
,('150342','Stakeholder Management')
,('151428','Stakeholder Management')
,('151447','Stakeholder Management')
,('151537','Stakeholder Management')
,('151559','Stakeholder Management')
,('160148','Stakeholder Management')
,('160289','Stakeholder Management')
,('160304','Stakeholder Management')
,('160323','Stakeholder Management')
,('160338','Stakeholder Management')
,('170866','Stakeholder Management')
,('171024','Stakeholder Management')
,('190015','Stakeholder Management')
,('190028','Stakeholder Management')
,('190031','Stakeholder Management')
,('190044','Stakeholder Management')
,('190047','Stakeholder Management')
,('190059','Stakeholder Management')
,('190077','Stakeholder Management')
,('190080','Stakeholder Management')
,('190096','Stakeholder Management')
,('210023','Stakeholder Management')
,('180012','Strategy Planning')
,('180015','Strategy Planning')
,('180032','Strategy Planning')
,('180036','Strategy Planning')
,('140025','System Integration')
,('140102','System Integration')
,('140883','System Integration')
,('140888','System Integration')
,('140903','System Integration')
,('140908','System Integration')
,('140926','System Integration')
,('140929','System Integration')
,('140947','System Integration')
,('150076','System Integration')
,('150148','System Integration')
,('150163','System Integration')
,('150216','System Integration')
,('150238','System Integration')
,('150342','System Integration')
,('150348','System Integration')
,('150512','System Integration')
,('150633','System Integration')
,('150655','System Integration')
,('150935','System Integration')
,('150976','System Integration')
,('151408','System Integration')
,('151410','System Integration')
,('151413','System Integration')
,('151428','System Integration')
,('151432','System Integration')
,('151447','System Integration')
,('151451','System Integration')
,('151469','System Integration')
,('151484','System Integration')
,('151488','System Integration')
,('151502','System Integration')
,('151506','System Integration')
,('151519','System Integration')
,('151523','System Integration')
,('151537','System Integration')
,('151541','System Integration')
,('151559','System Integration')
,('151562','System Integration')
,('151578','System Integration')
,('151593','System Integration')
,('151597','System Integration')
,('151610','System Integration')
,('151613','System Integration')
,('180013','System Integration')
,('180019','System Integration')
,('180033','System Integration')
,('180037','System Integration')
,('190015','System Integration')
,('190018','System Integration')
,('190031','System Integration')
,('190035','System Integration')
,('190047','System Integration')
,('190050','System Integration')
,('190066','System Integration')
,('190080','System Integration')
,('190087','System Integration')
,('210026','System Integration')
,('210029','System Integration')
,('210040','System Integration')
,('160008','Talent Management')
,('160155','Talent Management')
,('160213','Talent Management')
,('160290','Talent Management')
,('160294','Talent Management')
,('160305','Talent Management')
,('160308','Talent Management')
,('160328','Talent Management')
,('160339','Talent Management')
,('140890','Tax Computation')
,('140910','Tax Computation')
,('140934','Tax Computation')
,('160065','Tax Computation')
,('160188','Tax Computation')
,('160218','Tax Computation')
,('160291','Tax Computation')
,('160295','Tax Computation')
,('160306','Tax Computation')
,('160313','Tax Computation')
,('160329','Tax Computation')
,('170166','Tax Computation')
,('170216','Tax Computation')
,('171012','Tax Computation')
,('171015','Tax Computation')
,('171031','Tax Computation')
,('171034','Tax Computation')
,('171047','Tax Computation')
,('180001','Tax Computation')
,('180015','Tax Computation')
,('180036','Tax Computation')
,('140115','Tax Implications')
,('140891','Tax Implications')
,('140911','Tax Implications')
,('140929','Tax Implications')
,('140935','Tax Implications')
,('160212','Tax Implications')
,('160293','Tax Implications')
,('160307','Tax Implications')
,('170208','Tax Implications')
,('170232','Tax Implications')
,('171013','Tax Implications')
,('171016','Tax Implications')
,('171032','Tax Implications')
,('171035','Tax Implications')
,('171048','Tax Implications')
,('180002','Tax Implications')
,('180019','Tax Implications')
,('180037','Tax Implications')
,('140103','Technology Application')
,('140525','Technology Application')
,('140889','Technology Application')
,('140892','Technology Application')
,('140909','Technology Application')
,('140912','Technology Application')
,('140933','Technology Application')
,('140937','Technology Application')
,('150085','Technology Application')
,('150115','Technology Application')
,('150165','Technology Application')
,('150175','Technology Application')
,('150245','Technology Application')
,('150275','Technology Application')
,('150355','Technology Application')
,('150422','Technology Application')
,('150555','Technology Application')
,('150695','Technology Application')
,('150776','Technology Application')
,('151008','Technology Application')
,('151058','Technology Application')
,('151414','Technology Application')
,('151417','Technology Application')
,('151433','Technology Application')
,('151438','Technology Application')
,('151452','Technology Application')
,('151458','Technology Application')
,('151476','Technology Application')
,('151489','Technology Application')
,('151493','Technology Application')
,('151507','Technology Application')
,('151510','Technology Application')
,('151524','Technology Application')
,('151527','Technology Application')
,('151543','Technology Application')
,('151546','Technology Application')
,('151563','Technology Application')
,('151568','Technology Application')
,('151582','Technology Application')
,('151598','Technology Application')
,('151602','Technology Application')
,('160258','Technology Application')
,('160297','Technology Application')
,('160315','Technology Application')
,('170215','Technology Application')
,('171014','Technology Application')
,('180003','Technology Application')
,('180020','Technology Application')
,('180023','Technology Application')
,('180038','Technology Application')
,('190004','Technology Application')
,('190019','Technology Application')
,('190024','Technology Application')
,('190036','Technology Application')
,('190040','Technology Application')
,('190051','Technology Application')
,('190055','Technology Application')
,('190070','Technology Application')
,('190088','Technology Application')
,('190092','Technology Application')
,('210001','Technology Application')
,('210019','Technology Application')
,('210030','Technology Application')
,('210033','Technology Application')
,('210044','Technology Application')
,('140001','Technology Integration')
,('140108','Technology Integration')
,('140736','Technology Integration')
,('140890','Technology Integration')
,('140893','Technology Integration')
,('140910','Technology Integration')
,('140917','Technology Integration')
,('140934','Technology Integration')
,('140938','Technology Integration')
,('150008','Technology Integration')
,('150095','Technology Integration')
,('150118','Technology Integration')
,('150166','Technology Integration')
,('150192','Technology Integration')
,('150258','Technology Integration')
,('150276','Technology Integration')
,('150356','Technology Integration')
,('150423','Technology Integration')
,('150565','Technology Integration')
,('150705','Technology Integration')
,('150796','Technology Integration')
,('151055','Technology Integration')
,('151118','Technology Integration')
,('151415','Technology Integration')
,('151418','Technology Integration')
,('151435','Technology Integration')
,('151439','Technology Integration')
,('151456','Technology Integration')
,('151459','Technology Integration')
,('151477','Technology Integration')
,('151491','Technology Integration')
,('151494','Technology Integration')
,('151508','Technology Integration')
,('151512','Technology Integration')
,('151525','Technology Integration')
,('151528','Technology Integration')
,('151544','Technology Integration')
,('151547','Technology Integration')
,('151564','Technology Integration')
,('151570','Technology Integration')
,('151583','Technology Integration')
,('151600','Technology Integration')
,('151603','Technology Integration')
,('180004','Technology Integration')
,('180021','Technology Integration')
,('180025','Technology Integration')
,('190005','Technology Integration')
,('190021','Technology Integration')
,('190025','Technology Integration')
,('190037','Technology Integration')
,('190041','Technology Integration')
,('190052','Technology Integration')
,('190056','Technology Integration')
,('190074','Technology Integration')
,('190089','Technology Integration')
,('190093','Technology Integration')
,('210017','Technology Integration')
,('210020','Technology Integration')
,('210031','Technology Integration')
,('210034','Technology Integration')
,('140115','Technology Road Mapping')
,('140891','Technology Road Mapping')
,('150096','Technology Road Mapping')
,('150168','Technology Road Mapping')
,('150265','Technology Road Mapping')
,('150398','Technology Road Mapping')
,('150765','Technology Road Mapping')
,('151056','Technology Road Mapping')
,('151416','Technology Road Mapping')
,('151436','Technology Road Mapping')
,('151457','Technology Road Mapping')
,('151492','Technology Road Mapping')
,('151509','Technology Road Mapping')
,('151526','Technology Road Mapping')
,('151545','Technology Road Mapping')
,('151571','Technology Road Mapping')
,('151601','Technology Road Mapping')
,('180005','Technology Road Mapping')
,('180022','Technology Road Mapping')
,('180026','Technology Road Mapping')
,('190006','Technology Road Mapping')
,('190026','Technology Road Mapping')
,('190038','Technology Road Mapping')
,('190042','Technology Road Mapping')
,('190054','Technology Road Mapping')
,('190057','Technology Road Mapping')
,('190075','Technology Road Mapping')
,('190094','Technology Road Mapping')
,('210021','Technology Road Mapping')
,('210035','Technology Road Mapping')
,('150126','User Interface Design')
,('150198','User Interface Design')
,('150283','User Interface Design')
,('150435','User Interface Design')
,('150845','User Interface Design')
,('151198','User Interface Design')
,('151420','User Interface Design')
,('151441','User Interface Design')
,('151465','User Interface Design')
,('151496','User Interface Design')
,('151514','User Interface Design')
,('151533','User Interface Design')
,('151549','User Interface Design')
,('151573','User Interface Design')
,('151585','User Interface Design')
,('151606','User Interface Design')
,('190004','User Interface Design')
,('190008','User Interface Design')
,('190024','User Interface Design')
,('190027','User Interface Design')
,('190040','User Interface Design')
,('190043','User Interface Design')
,('190055','User Interface Design')
,('190058','User Interface Design')
,('190076','User Interface Design')
,('190092','User Interface Design')
,('190095','User Interface Design')
,('210036','User Interface Design');


DROP TABLE IF EXISTS `category`;
CREATE TABLE IF NOT EXISTS `category` (
    category varchar(120) NOT NULL,
    category_desc varchar(100) NOT NULL,
    CONSTRAINT category_pkey PRIMARY KEY (category)
)  ENGINE=InnoDB AUTO_INCREMENT=2 DEFAULT CHARSET=utf8;

INSERT INTO category (category, category_desc) VALUES
('Administration and Support', 'Provides office support to either an individual or team and is vital for the smooth-running of a business'),
('Business Development', 'Identify long-term methods to increase value through the development of relationships, markets and customers'),
('Corporate Social Responsibilities', "Acts as a company's 'conscience', championing and developing the ethical, environmentally-friendly, and community-minded side of a business"),
('Customer services', 'Involved in customer service, support, success, and experience'),
('Consulting', 'Consultants are professionals who provide expert advice to organizations to help them improve their business performance, solve problems, and implement solutions. They are hired to analyze and assess current business processes, identify areas for improvement, and recommend strategies for enhanced efficiency and effectiveness.'),
('Design and Technical Service', 'Involves developing creative, tech-based solutions to existing problems'),
('Information Technology', 'Involves the implementation, support, maintenance, repair or protection of data or computer systems'),
('Engineering', 'Jobs that use science and mathematics to solve a variety of problems'),
('Finance', "Jobs where a company's funds and profitability are the primary focus"),
('Legal', 'Practicing the law'),
('Manufacturing and production', 'Involves the creation of new products either from raw materials or by assembling different components'),
('Marketing and advertising', "Responsible for planning, creating, and executing marketing campaigns to expand their company's reach and potential customer"),
('Sales and Communication', 'Customer service experience and sales skills');

DROP TABLE IF EXISTS `role_listing`;
CREATE TABLE IF NOT EXISTS `role_listing` (
    listing_id integer NOT NULL AUTO_INCREMENT,
    role_name varchar(50) NOT NULL,
    department varchar(100) NOT NULL,
    category varchar(120) NOT NULL,
    deadline date NOT NULL,
    CONSTRAINT role_listing_pkey PRIMARY KEY (listing_id),
    constraint role_listing_fk1 foreign key (category) references category(category) ON DELETE CASCADE,
    CONSTRAINT role_listing_fk2 FOREIGN KEY (role_name) REFERENCES role(role_name) ON DELETE CASCADE
) ENGINE=InnoDB AUTO_INCREMENT=2 DEFAULT CHARSET=utf8;

INSERT INTO role_listing (listing_id, role_name, department, category, deadline) VALUES
(1, 'HR Director', 'HR', 'Administration and Support', '2024-09-25'), 
(2, 'Senior Engineer', 'IT', 'Engineering', '2024-10-10'), 
(3, 'Finance Manager', 'Finance', 'Finance', '2023-10-10'), 
(4, 'Senior Engineer', 'IT', 'Information Technology', '2024-12-15'), 
(5, 'HR Executive', 'HR', 'Administration and Support', '2023-11-10'),
(6, 'Sales Manager', 'Sales', 'Sales and Communication', '2024-11-30'), 
(7, 'Consultant', 'Consultancy', 'Consulting', '2024-12-20'), 
(8, 'Engineering Director', 'Engineering', 'Information Technology', '2024-10-10'), 
(9, 'Finance  Executive', 'Finance', 'Finance', '2023-10-05'); 


DROP TABLE IF EXISTS `job_application`;
CREATE TABLE IF NOT EXISTS `job_application` (
    application_id integer NOT NULL AUTO_INCREMENT,
    staff_id integer NOT NULL,
    listing_id integer NOT NULL,
    application_date date NOT NULL,
    CONSTRAINT job_application_pkey PRIMARY KEY (application_id),
    constraint job_application_fk1 foreign key (staff_id) references staff(staff_id) ON DELETE CASCADE,
    constraint job_application_fk2 foreign key (listing_id) references role_listing(listing_id) ON DELETE CASCADE
) ENGINE=InnoDB AUTO_INCREMENT=2 DEFAULT CHARSET=utf8;

INSERT INTO job_application (application_id, staff_id, listing_id, application_date) VALUES
(1, 130001, 1, '2023-09-19'), 
(2, 130002, 2, '2023-10-01'), 
(3, 140001, 3, '2023-08-01'), 
(4, 140002, 5, '2023-09-05'), 
(5, 140003, 7, '2023-09-15'), 
(6, 140004, 6, '2023-07-10'), 
(7, 140008, 9, '2023-09-01'), 
(8, 140015, 4, '2023-07-25');

DROP TABLE IF EXISTS `login_details`;
CREATE TABLE IF NOT EXISTS `login_details` (
    staff_id integer NOT NULL,
    staff_password varchar(255) NOT NULL,
    CONSTRAINT login_details_pkey PRIMARY KEY (staff_id),
    constraint login_details_fk1 foreign key (staff_id) references staff(staff_id) ON DELETE CASCADE
)  ENGINE=InnoDB AUTO_INCREMENT=2 DEFAULT CHARSET=utf8;

INSERT INTO login_details (staff_id, staff_password) VALUES
(130001,'john')
,(130002,'jack')
,(140001,'derek')
,(140002,'susan')
,(140003,'janice')
,(140004,'mary')
,(140008,'jaclyn')
,(140015,'oliva')
,(140025,'emma')
,(140036,'charlotte')
,(140078,'amelia')
,(140102,'eva')
,(140103,'sophia')
,(140108,'liam')
,(140115,'noah')
,(140525,'oliver')
,(140736,'william')
,(140878,'james')
,(140879,'siti')
,(140880,'heng')
,(140881,'rina')
,(140882,'boun')
,(140883,'aung')
,(140886,'thuy')
,(140887,'rajesh')
,(140888,'koh')
,(140889,'somchai')
,(140890,'seng')
,(140891,'anh')
,(140892,'ratana')
,(140893,'bui')
,(140894,'rahim')
,(140895,'dewi')
,(140898,'sokha')
,(140900,'tuan')
,(140901,'bao')
,(140903,'amara')
,(140904,'srey')
,(140905,'phuc')
,(140908,'arifin')
,(140909,'siti')
,(140910,'rina')
,(140911,'minh')
,(140912,'chandara')
,(140917,'heng')
,(140918,'nara')
,(140919,'priya')
,(140923,'ngoc')
,(140924,'manoj')
,(140925,'anh')
,(140926,'somsak')
,(140927,'chin')
,(140928,'sok')
,(140929,'tat')
,(140933,'hlaing')
,(140934,'santhi')
,(140935,'hakim')
,(140937,'sirirat')
,(140938,'chinh')
,(140940,'siti')
,(140941,'chandra')
,(140942,'ratana')
,(140944,'yee')
,(140945,'wai')
,(140947,'thi')
,(140948,'nara')
,(150008,'eric')
,(150065,'noah')
,(150075,'liam')
,(150076,'oliver')
,(150085,'michael')
,(150095,'alexander')
,(150096,'ethan')
,(150115,'jaclyn')
,(150118,'william')
,(150125,'mary')
,(150126,'oliva')
,(150138,'daniel')
,(150142,'james')
,(150143,'john')
,(150148,'jack')
,(150155,'derek')
,(150162,'jacob')
,(150163,'logan')
,(150165,'oliver')
,(150166,'william')
,(150168,'jackson')
,(150175,'aiden')
,(150192,'emma')
,(150193,'charlotte')
,(150198,'amelia')
,(150205,'eva')
,(150208,'james')
,(150215,'michael')
,(150216,'ethan')
,(150232,'john')
,(150233,'jack')
,(150238,'derek')
,(150245,'benjamin')
,(150258,'daniel')
,(150265,'jaclyn')
,(150275,'mary')
,(150276,'oliva')
,(150282,'jacob')
,(150283,'logan')
,(150288,'jackson')
,(150295,'aiden')
,(150318,'emma')
,(150342,'charlotte')
,(150343,'amelia')
,(150345,'william')
,(150348,'eva')
,(150355,'sophia')
,(150356,'james')
,(150398,'john')
,(150422,'jack')
,(150423,'derek')
,(150428,'benjamin')
,(150435,'lucas')
,(150445,'ethan')
,(150446,'daniel')
,(150488,'jacob')
,(150512,'logan')
,(150513,'jackson')
,(150518,'aiden')
,(150525,'samuel')
,(150555,'jaclyn')
,(150565,'benjamin')
,(150566,'oliva')
,(150585,'samuel')
,(150608,'emma')
,(150615,'sophia')
,(150632,'charlotte')
,(150633,'amelia')
,(150638,'eva')
,(150645,'sophia')
,(150655,'lucas')
,(150695,'william')
,(150705,'samuel')
,(150765,'liam')
,(150776,'lucas')
,(150796,'susan')
,(150826,'liam')
,(150845,'henry')
,(150866,'henry')
,(150916,'susan')
,(150918,'henry')
,(150935,'susan')
,(150938,'janice')
,(150968,'noah')
,(150976,'noah')
,(151008,'alexander')
,(151055,'liam')
,(151056,'alexander')
,(151058,'janice')
,(151118,'oliver')
,(151146,'janice')
,(151198,'michael')
,(151266,'noah')
,(151288,'mary')
,(151407,'oliver')
,(151408,'philip')
,(151410,'phuong')
,(151411,'bao')
,(151412,'wati')
,(151413,'seng')
,(151414,'yun')
,(151415,'aung')
,(151416,'vannak')
,(151417,'pich')
,(151418,'chandara')
,(151419,'heng')
,(151420,'siti')
,(151425,'thuy')
,(151426,'trung')
,(151427,'rahul')
,(151428,'champa')
,(151430,'rithy')
,(151431,'mani')
,(151432,'sokunthea')
,(151433,'mani')
,(151435,'somnang')
,(151436,'samsul')
,(151438,'rath')
,(151439,'ji')
,(151440,'sok')
,(151441,'minh')
,(151443,'anil')
,(151444,'chinh')
,(151446,'seng')
,(151447,'nanda')
,(151448,'amirah')
,(151450,'sokly')
,(151451,'trung')
,(151452,'rithya')
,(151456,'phuc')
,(151457,'chandra')
,(151458,'manoj')
,(151459,'phalla')
,(151464,'chhaya')
,(151465,'soma')
,(151466,'siv')
,(151467,'vannak')
,(151468,'kumara')
,(151469,'sok')
,(151470,'siti')
,(151471,'chanh')
,(151472,'anh')
,(151476,'hakim')
,(151477,'priya')
,(151479,'narong')
,(151480,'rin')
,(151481,'phuc')
,(151482,'sok')
,(151483,'chandara')
,(151484,'phanith')
,(151485,'heng')
,(151487,'nanda')
,(151488,'pich')
,(151489,'anil')
,(151491,'nguyen')
,(151492,'bao')
,(151493,'boun')
,(151494,'soma')
,(151495,'samsul')
,(151496,'rina')
,(151498,'mani')
,(151499,'koh')
,(151500,'arifin')
,(151502,'kumari')
,(151503,'narong')
,(151505,'thi')
,(151506,'vannak')
,(151507,'phuong')
,(151508,'srey')
,(151509,'hlaing')
,(151510,'anh')
,(151512,'chin')
,(151513,'nara')
,(151514,'somchai')
,(151515,'rath')
,(151517,'chinh')
,(151518,'yee')
,(151519,'heng')
,(151520,'sokunthea')
,(151521,'champa')
,(151523,'rahim')
,(151524,'hakim')
,(151525,'trung')
,(151526,'seng')
,(151527,'narong')
,(151528,'phuc')
,(151531,'chandara')
,(151533,'soma')
,(151534,'siv')
,(151535,'vannak')
,(151536,'kumara')
,(151537,'sok')
,(151539,'siti')
,(151540,'chanh')
,(151541,'anh')
,(151543,'priya')
,(151544,'nanda')
,(151545,'rithy')
,(151546,'mani')
,(151547,'koh')
,(151548,'arifin')
,(151549,'kumari')
,(151550,'narong')
,(151556,'thi')
,(151558,'vannak')
,(151559,'nara')
,(151560,'somchai')
,(151561,'rath')
,(151562,'chinh')
,(151563,'yee')
,(151564,'heng')
,(151567,'sokunthea')
,(151568,'champa')
,(151570,'rahim')
,(151571,'hakim')
,(151573,'trung')
,(151574,'seng')
,(151575,'narong')
,(151576,'phuc')
,(151578,'chandara')
,(151579,'soma')
,(151580,'siv')
,(151581,'vannak')
,(151582,'kumara')
,(151583,'sok')
,(151584,'siti')
,(151585,'chanh')
,(151589,'anh')
,(151590,'priya')
,(151591,'nanda')
,(151593,'rithy')
,(151595,'mani')
,(151596,'koh')
,(151597,'arifin')
,(151598,'kumari')
,(151600,'narong')
,(151601,'thi')
,(151602,'vannak')
,(151603,'phuong')
,(151605,'srey')
,(151606,'hlaing')
,(151607,'anh')
,(151608,'chin')
,(151609,'nara')
,(151610,'somchai')
,(151611,'rath')
,(151612,'chinh')
,(151613,'yee')
,(160008,'sally')
,(160065,'john')
,(160075,'james')
,(160076,'jack')
,(160118,'derek')
,(160135,'jaclyn')
,(160142,'benjamin')
,(160143,'lucas')
,(160145,'mary')
,(160146,'oliva')
,(160148,'henry')
,(160155,'alexander')
,(160188,'emma')
,(160212,'charlotte')
,(160213,'amelia')
,(160218,'eva')
,(160225,'sophia')
,(160258,'michael')
,(160282,'ethan')
,(160283,'somchai')
,(160284,'rath')
,(160286,'chinh')
,(160287,'yee')
,(160288,'heng')
,(160289,'sokunthea')
,(160290,'champa')
,(160291,'rahim')
,(160293,'hakim')
,(160294,'trung')
,(160295,'seng')
,(160296,'narong')
,(160297,'phuc')
,(160298,'chandara')
,(160299,'soma')
,(160300,'siv')
,(160301,'vannak')
,(160302,'kumara')
,(160303,'sok')
,(160304,'siti')
,(160305,'chanh')
,(160306,'anh')
,(160307,'priya')
,(160308,'nanda')
,(160313,'rithy')
,(160314,'mani')
,(160315,'koh')
,(160316,'arifin')
,(160317,'kumari')
,(160318,'narong')
,(160323,'thi')
,(160324,'vannak')
,(160325,'phuong')
,(160326,'srey')
,(160328,'hlaing')
,(160329,'anh')
,(160330,'chin')
,(160331,'nara')
,(160332,'somchai')
,(160333,'rath')
,(160334,'chinh')
,(160335,'yee')
,(160336,'heng')
,(160337,'sokunthea')
,(160338,'champa')
,(160339,'rahim')
,(170166,'david')
,(170208,'daniel')
,(170215,'mary')
,(170216,'jaclyn')
,(170232,'jacob')
,(170233,'logan')
,(170238,'jackson')
,(170245,'aiden')
,(170655,'samuel')
,(170866,'susan')
,(171008,'janice')
,(171009,'nanda')
,(171010,'rithy')
,(171011,'mani')
,(171012,'koh')
,(171013,'arifin')
,(171014,'kumari')
,(171015,'narong')
,(171016,'thi')
,(171017,'vannak')
,(171018,'phuong')
,(171022,'srey')
,(171023,'hlaing')
,(171024,'anh')
,(171026,'chin')
,(171027,'nara')
,(171029,'somchai')
,(171030,'rath')
,(171031,'chinh')
,(171032,'yee')
,(171033,'heng')
,(171034,'sokunthea')
,(171035,'champa')
,(171036,'rahim')
,(171038,'hakim')
,(171039,'trung')
,(171041,'seng')
,(171042,'narong')
,(171043,'phuc')
,(171044,'chandara')
,(171045,'soma')
,(171046,'siv')
,(171047,'vannak')
,(171048,'kumara')
,(180001,'ernst')
,(180002,'rithy')
,(180003,'mani')
,(180004,'sokunthea')
,(180005,'mani')
,(180006,'somnang')
,(180010,'samsul')
,(180011,'rath')
,(180012,'ji')
,(180013,'sok')
,(180014,'minh')
,(180015,'anil')
,(180019,'chinh')
,(180020,'seng')
,(180021,'nanda')
,(180022,'amirah')
,(180023,'sokly')
,(180025,'trung')
,(180026,'rithya')
,(180027,'phuc')
,(180029,'chandra')
,(180030,'manoj')
,(180032,'phalla')
,(180033,'chhaya')
,(180034,'soma')
,(180036,'siv')
,(180037,'vannak')
,(180038,'kumara')
,(190003,'sok')
,(190004,'siti')
,(190005,'chanh')
,(190006,'anh')
,(190008,'hakim')
,(190009,'priya')
,(190010,'narong')
,(190014,'rin')
,(190015,'phuc')
,(190016,'sok')
,(190017,'chandara')
,(190018,'phanith')
,(190019,'heng')
,(190021,'nanda')
,(190022,'pich')
,(190024,'anil')
,(190025,'nguyen')
,(190026,'bao')
,(190027,'boun')
,(190028,'soma')
,(190029,'samsul')
,(190030,'rina')
,(190031,'mani')
,(190032,'koh')
,(190033,'arifin')
,(190035,'kumari')
,(190036,'narong')
,(190037,'siti')
,(190038,'heng')
,(190040,'rina')
,(190041,'boun')
,(190042,'aung')
,(190043,'thuy')
,(190044,'rajesh')
,(190045,'koh')
,(190046,'somchai')
,(190047,'seng')
,(190048,'anh')
,(190049,'ratana')
,(190050,'bui')
,(190051,'rahim')
,(190052,'dewi')
,(190054,'sokha')
,(190055,'tuan')
,(190056,'bao')
,(190057,'amara')
,(190058,'srey')
,(190059,'phuc')
,(190064,'arifin')
,(190065,'siti')
,(190066,'rina')
,(190067,'minh')
,(190068,'chandara')
,(190069,'heng')
,(190070,'nara')
,(190074,'priya')
,(190075,'ngoc')
,(190076,'manoj')
,(190077,'anh')
,(190078,'somsak')
,(190079,'chin')
,(190080,'sok')
,(190082,'tat')
,(190086,'hlaing')
,(190087,'santhi')
,(190088,'hakim')
,(190089,'sirirat')
,(190091,'chinh')
,(190092,'siti')
,(190093,'chandra')
,(190094,'ratana')
,(190095,'yee')
,(190096,'wai')
,(190097,'thi')
,(190098,'nara')
,(210001,'peter')
,(210017,'rithy')
,(210018,'mani')
,(210019,'koh')
,(210020,'arifin')
,(210021,'kumari')
,(210022,'narong')
,(210023,'thi')
,(210024,'vannak')
,(210025,'phuong')
,(210026,'srey')
,(210027,'hlaing')
,(210028,'anh')
,(210029,'chin')
,(210030,'nara')
,(210031,'somchai')
,(210032,'rath')
,(210033,'chinh')
,(210034,'yee')
,(210035,'heng')
,(210036,'sokunthea')
,(210037,'champa')
,(210038,'rahim')
,(210039,'hakim')
,(210040,'trung')
,(210041,'seng')
,(210042,'narong')
,(210043,'phuc')
,(210044,'chandara');

COMMIT;
